container_id,timestamp,commodity,temperature,humidity,vibration,condition,date,hour,day_of_week,day_name,temperature_deviation,temperature_risk,humidity_risk,vibration_risk,environmental_risk_score,environmental_risk,spoilage_risk,avg_temperature,max_temperature,min_temperature,avg_humidity,max_humidity,min_humidity,avg_vibration,max_vibration,warning_count,anomaly_count,avg_environmental_risk,commodity_avg_temperature,commodity_avg_humidity,commodity_avg_vibration,commodity_warning_count,commodity_anomaly_count,commodity_avg_risk
CONT_005,2026-09-10 17:39:40.899424,Tomato,14.06,100.0,0.33,WARNING,2026-09-10,17,3,Thursday,4.0600000000000005,NORMAL,CRITICAL,MEDIUM,5,HIGH,HIGH,11.204625668449196,20.93,-1.87,87.44355614973261,100.0,60.03,0.1879411764705882,0.59,62,40,2.8181818181818183,10.869106753812636,87.4238779956427,0.1841830065359477,88,39,2.821350762527233
CONT_002,2026-09-10 17:39:52.916815,Banana,16.13,100.0,0.21,WARNING,2026-09-10,17,3,Thursday,6.129999999999999,WARNING,CRITICAL,MEDIUM,6,HIGH,HIGH,11.068997050147493,20.03,-1.92,88.139203539823,100.0,61.48,0.1880530973451327,0.6,65,35,2.8997050147492627,13.47314009661836,88.16468599033817,0.1929951690821256,96,41,3.1594202898550723
CONT_005,2026-09-10 17:40:43.903750,Banana,15.67,100.0,0.2,WARNING,2026-09-10,17,3,Thursday,5.67,WARNING,CRITICAL,LOW,5,HIGH,HIGH,11.204625668449196,20.93,-1.87,87.44355614973261,100.0,60.03,0.1879411764705882,0.59,62,40,2.8181818181818183,13.47314009661836,88.16468599033817,0.1929951690821256,96,41,3.1594202898550723
CONT_003,2026-09-10 17:40:46.375099,Mango,18.33,100.0,0.35,ANOMALY,2026-09-10,17,3,Thursday,8.329999999999998,WARNING,CRITICAL,MEDIUM,6,HIGH,HIGH,11.193441734417345,19.75,-0.44,87.76967479674796,100.0,60.02,0.196910569105691,0.59,82,37,2.934959349593496,11.575468085106383,86.43734042553191,0.1932340425531915,97,51,2.6893617021276595
CONT_002,2026-09-10 17:40:48.354105,Banana,18.68,100.0,0.37,ANOMALY,2026-09-10,17,3,Thursday,8.68,WARNING,CRITICAL,MEDIUM,6,HIGH,HIGH,11.068997050147493,20.03,-1.92,88.139203539823,100.0,61.48,0.1880530973451327,0.6,65,35,2.8997050147492627,13.47314009661836,88.16468599033817,0.1929951690821256,96,41,3.1594202898550723
CONT_004,2026-09-10 17:40:56.746954,Banana,10.83,100.0,0.3,WARNING,2026-09-10,17,3,Thursday,0.8300000000000001,NORMAL,CRITICAL,MEDIUM,5,HIGH,HIGH,11.374931129476584,20.55,-1.66,87.65203856749311,100.0,60.25,0.1907988980716253,0.59,81,36,2.9421487603305785,13.47314009661836,88.16468599033817,0.1929951690821256,96,41,3.1594202898550723
CONT_004,2026-09-10 17:41:04.307125,Avocado,16.14,100.0,0.45,ANOMALY,2026-09-10,17,3,Thursday,6.140000000000001,WARNING,CRITICAL,HIGH,7,CRITICAL,CRITICAL,11.374931129476584,20.55,-1.66,87.65203856749311,100.0,60.25,0.1907988980716253,0.59,81,36,2.9421487603305785,9.1291628959276,88.95671945701358,0.1947285067873303,71,53,2.9524886877828056
CONT_004,2026-09-10 17:41:14.392325,Banana,10.09,100.0,0.34,WARNING,2026-09-10,17,3,Thursday,0.0899999999999998,NORMAL,CRITICAL,MEDIUM,5,HIGH,HIGH,11.374931129476584,20.55,-1.66,87.65203856749311,100.0,60.25,0.1907988980716253,0.59,81,36,2.9421487603305785,13.47314009661836,88.16468599033817,0.1929951690821256,96,41,3.1594202898550723
CONT_003,2026-09-10 17:41:38.661305,Banana,9.68,100.0,0.46,ANOMALY,2026-09-10,17,3,Thursday,0.3200000000000003,NORMAL,CRITICAL,HIGH,6,HIGH,HIGH,11.193441734417345,19.75,-0.44,87.76967479674796,100.0,60.02,0.196910569105691,0.59,82,37,2.934959349593496,13.47314009661836,88.16468599033817,0.1929951690821256,96,41,3.1594202898550723
CONT_004,2026-09-10 17:41:42.677904,Tomato,6.7,100.0,0.46,ANOMALY,2026-09-10,17,3,Thursday,3.3,NORMAL,CRITICAL,HIGH,6,HIGH,HIGH,11.374931129476584,20.55,-1.66,87.65203856749311,100.0,60.25,0.1907988980716253,0.59,81,36,2.9421487603305785,10.869106753812636,87.4238779956427,0.1841830065359477,88,39,2.821350762527233
CONT_003,2026-09-10 17:41:44.677012,Tomato,3.89,100.0,0.56,ANOMALY,2026-09-10,17,3,Thursday,6.109999999999999,LOW,CRITICAL,HIGH,5,HIGH,HIGH,11.193441734417345,19.75,-0.44,87.76967479674796,100.0,60.02,0.196910569105691,0.59,82,37,2.934959349593496,10.869106753812636,87.4238779956427,0.1841830065359477,88,39,2.821350762527233
CONT_003,2026-09-10 17:41:46.683242,Avocado,16.12,100.0,0.46,ANOMALY,2026-09-10,17,3,Thursday,6.120000000000001,WARNING,CRITICAL,HIGH,7,CRITICAL,CRITICAL,11.193441734417345,19.75,-0.44,87.76967479674796,100.0,60.02,0.196910569105691,0.59,82,37,2.934959349593496,9.1291628959276,88.95671945701358,0.1947285067873303,71,53,2.9524886877828056
CONT_002,2026-09-10 17:41:57.034931,Mango,15.13,100.0,0.28,WARNING,2026-09-10,17,3,Thursday,5.130000000000001,WARNING,CRITICAL,MEDIUM,6,HIGH,HIGH,11.068997050147493,20.03,-1.92,88.139203539823,100.0,61.48,0.1880530973451327,0.6,65,35,2.8997050147492627,11.575468085106383,86.43734042553191,0.1932340425531915,97,51,2.6893617021276595
CONT_003,2026-09-10 17:42:03.109912,Banana,10.3,100.0,0.22,WARNING,2026-09-10,17,3,Thursday,0.3000000000000007,NORMAL,CRITICAL,MEDIUM,5,HIGH,HIGH,11.193441734417345,19.75,-0.44,87.76967479674796,100.0,60.02,0.196910569105691,0.59,82,37,2.934959349593496,13.47314009661836,88.16468599033817,0.1929951690821256,96,41,3.1594202898550723
CONT_004,2026-09-10 17:42:05.171187,Mango,8.39,100.0,0.23,WARNING,2026-09-10,17,3,Thursday,1.6099999999999994,NORMAL,CRITICAL,MEDIUM,5,HIGH,HIGH,11.374931129476584,20.55,-1.66,87.65203856749311,100.0,60.25,0.1907988980716253,0.59,81,36,2.9421487603305785,11.575468085106383,86.43734042553191,0.1932340425531915,97,51,2.6893617021276595
CONT_002,2026-09-10 17:42:11.196790,Mango,15.71,100.0,0.29,WARNING,2026-09-10,17,3,Thursday,5.710000000000001,WARNING,CRITICAL,MEDIUM,6,HIGH,HIGH,11.068997050147493,20.03,-1.92,88.139203539823,100.0,61.48,0.1880530973451327,0.6,65,35,2.8997050147492627,11.575468085106383,86.43734042553191,0.1932340425531915,97,51,2.6893617021276595
CONT_002,2026-09-10 17:42:13.199695,Mango,8.92,100.0,0.23,WARNING,2026-09-10,17,3,Thursday,1.08,NORMAL,CRITICAL,MEDIUM,5,HIGH,HIGH,11.068997050147493,20.03,-1.92,88.139203539823,100.0,61.48,0.1880530973451327,0.6,65,35,2.8997050147492627,11.575468085106383,86.43734042553191,0.1932340425531915,97,51,2.6893617021276595
CONT_002,2026-09-10 17:42:23.218277,Avocado,15.61,100.0,0.22,WARNING,2026-09-10,17,3,Thursday,5.609999999999999,WARNING,CRITICAL,MEDIUM,6,HIGH,HIGH,11.068997050147493,20.03,-1.92,88.139203539823,100.0,61.48,0.1880530973451327,0.6,65,35,2.8997050147492627,9.1291628959276,88.95671945701358,0.1947285067873303,71,53,2.9524886877828056
CONT_004,2026-09-10 17:42:25.222085,Banana,7.55,100.0,0.49,ANOMALY,2026-09-10,17,3,Thursday,2.45,NORMAL,CRITICAL,HIGH,6,HIGH,HIGH,11.374931129476584,20.55,-1.66,87.65203856749311,100.0,60.25,0.1907988980716253,0.59,81,36,2.9421487603305785,13.47314009661836,88.16468599033817,0.1929951690821256,96,41,3.1594202898550723
CONT_002,2026-09-10 17:42:25.237299,Mango,6.48,100.0,0.58,ANOMALY,2026-09-10,17,3,Thursday,3.52,NORMAL,CRITICAL,HIGH,6,HIGH,HIGH,11.068997050147493,20.03,-1.92,88.139203539823,100.0,61.48,0.1880530973451327,0.6,65,35,2.8997050147492627,11.575468085106383,86.43734042553191,0.1932340425531915,97,51,2.6893617021276595
CONT_001,2026-09-10 17:42:31.276598,Banana,18.97,100.0,0.45,ANOMALY,2026-09-10,17,3,Thursday,8.969999999999999,WARNING,CRITICAL,HIGH,7,CRITICAL,CRITICAL,11.294,20.58,-1.98,87.60111764705883,100.0,60.11,0.1922647058823529,0.59,62,36,2.8941176470588235,13.47314009661836,88.16468599033817,0.1929951690821256,96,41,3.1594202898550723
CONT_005,2026-09-10 17:42:33.281371,Avocado,18.85,100.0,0.41,ANOMALY,2026-09-10,17,3,Thursday,8.850000000000001,WARNING,CRITICAL,HIGH,7,CRITICAL,CRITICAL,11.204625668449196,20.93,-1.87,87.44355614973261,100.0,60.03,0.1879411764705882,0.59,62,40,2.8181818181818183,9.1291628959276,88.95671945701358,0.1947285067873303,71,53,2.9524886877828056
CONT_001,2026-09-10 17:43:03.939807,Tomato,13.31,100.0,0.28,WARNING,2026-09-10,17,3,Thursday,3.3100000000000005,NORMAL,CRITICAL,MEDIUM,5,HIGH,HIGH,11.294,20.58,-1.98,87.60111764705883,100.0,60.11,0.1922647058823529,0.59,62,36,2.8941176470588235,10.869106753812636,87.4238779956427,0.1841830065359477,88,39,2.821350762527233
CONT_004,2026-09-10 17:43:07.974991,Banana,10.51,100.0,0.33,WARNING,2026-09-10,17,3,Thursday,0.5099999999999998,NORMAL,CRITICAL,MEDIUM,5,HIGH,HIGH,11.374931129476584,20.55,-1.66,87.65203856749311,100.0,60.25,0.1907988980716253,0.59,81,36,2.9421487603305785,13.47314009661836,88.16468599033817,0.1929951690821256,96,41,3.1594202898550723
CONT_002,2026-09-10 17:43:20.198887,Banana,11.58,100.0,0.33,WARNING,2026-09-10,17,3,Thursday,1.58,NORMAL,CRITICAL,MEDIUM,5,HIGH,HIGH,11.068997050147493,20.03,-1.92,88.139203539823,100.0,61.48,0.1880530973451327,0.6,65,35,2.8997050147492627,13.47314009661836,88.16468599033817,0.1929951690821256,96,41,3.1594202898550723
CONT_005,2026-09-10 17:43:34.988338,Tomato,7.76,100.0,0.26,WARNING,2026-09-10,17,3,Thursday,2.24,NORMAL,CRITICAL,MEDIUM,5,HIGH,HIGH,11.204625668449196,20.93,-1.87,87.44355614973261,100.0,60.03,0.1879411764705882,0.59,62,40,2.8181818181818183,10.869106753812636,87.4238779956427,0.1841830065359477,88,39,2.821350762527233
CONT_004,2026-09-10 17:43:37.002294,Banana,8.06,100.0,0.36,ANOMALY,2026-09-10,17,3,Thursday,1.9399999999999995,NORMAL,CRITICAL,MEDIUM,5,HIGH,HIGH,11.374931129476584,20.55,-1.66,87.65203856749311,100.0,60.25,0.1907988980716253,0.59,81,36,2.9421487603305785,13.47314009661836,88.16468599033817,0.1929951690821256,96,41,3.1594202898550723
CONT_004,2026-09-10 17:43:45.338114,Tomato,13.97,100.0,0.27,WARNING,2026-09-10,17,3,Thursday,3.9700000000000006,NORMAL,CRITICAL,MEDIUM,5,HIGH,HIGH,11.374931129476584,20.55,-1.66,87.65203856749311,100.0,60.25,0.1907988980716253,0.59,81,36,2.9421487603305785,10.869106753812636,87.4238779956427,0.1841830065359477,88,39,2.821350762527233
CONT_002,2026-09-10 17:43:47.345312,Tomato,8.87,100.0,0.21,WARNING,2026-09-10,17,3,Thursday,1.1300000000000008,NORMAL,CRITICAL,MEDIUM,5,HIGH,HIGH,11.068997050147493,20.03,-1.92,88.139203539823,100.0,61.48,0.1880530973451327,0.6,65,35,2.8997050147492627,10.869106753812636,87.4238779956427,0.1841830065359477,88,39,2.821350762527233
CONT_004,2026-09-10 17:43:49.349369,Banana,16.93,100.0,0.32,WARNING,2026-09-10,17,3,Thursday,6.93,WARNING,CRITICAL,MEDIUM,6,HIGH,HIGH,11.374931129476584,20.55,-1.66,87.65203856749311,100.0,60.25,0.1907988980716253,0.59,81,36,2.9421487603305785,13.47314009661836,88.16468599033817,0.1929951690821256,96,41,3.1594202898550723
CONT_004,2026-09-10 17:43:51.352327,Banana,15.89,100.0,0.26,WARNING,2026-09-10,17,3,Thursday,5.890000000000001,WARNING,CRITICAL,MEDIUM,6,HIGH,HIGH,11.374931129476584,20.55,-1.66,87.65203856749311,100.0,60.25,0.1907988980716253,0.59,81,36,2.9421487603305785,13.47314009661836,88.16468599033817,0.1929951690821256,96,41,3.1594202898550723
CONT_001,2026-09-10 17:43:53.042303,Tomato,7.19,100.0,0.32,WARNING,2026-09-10,17,3,Thursday,2.81,NORMAL,CRITICAL,MEDIUM,5,HIGH,HIGH,11.294,20.58,-1.98,87.60111764705883,100.0,60.11,0.1922647058823529,0.59,62,36,2.8941176470588235,10.869106753812636,87.4238779956427,0.1841830065359477,88,39,2.821350762527233
CONT_002,2026-09-10 17:43:55.047653,Banana,11.44,100.0,0.29,WARNING,2026-09-10,17,3,Thursday,1.4399999999999995,NORMAL,CRITICAL,MEDIUM,5,HIGH,HIGH,11.068997050147493,20.03,-1.92,88.139203539823,100.0,61.48,0.1880530973451327,0.6,65,35,2.8997050147492627,13.47314009661836,88.16468599033817,0.1929951690821256,96,41,3.1594202898550723
CONT_002,2026-09-10 17:43:57.049885,Banana,11.87,100.0,0.27,WARNING,2026-09-10,17,3,Thursday,1.8699999999999992,NORMAL,CRITICAL,MEDIUM,5,HIGH,HIGH,11.068997050147493,20.03,-1.92,88.139203539823,100.0,61.48,0.1880530973451327,0.6,65,35,2.8997050147492627,13.47314009661836,88.16468599033817,0.1929951690821256,96,41,3.1594202898550723
CONT_002,2026-09-10 17:44:01.427474,Mango,7.02,100.0,0.22,WARNING,2026-09-10,17,3,Thursday,2.9800000000000004,NORMAL,CRITICAL,MEDIUM,5,HIGH,HIGH,11.068997050147493,20.03,-1.92,88.139203539823,100.0,61.48,0.1880530973451327,0.6,65,35,2.8997050147492627,11.575468085106383,86.43734042553191,0.1932340425531915,97,51,2.6893617021276595
CONT_001,2026-09-10 17:44:07.193027,Banana,17.75,100.0,0.38,ANOMALY,2026-09-10,17,3,Thursday,7.75,WARNING,CRITICAL,MEDIUM,6,HIGH,HIGH,11.294,20.58,-1.98,87.60111764705883,100.0,60.11,0.1922647058823529,0.59,62,36,2.8941176470588235,13.47314009661836,88.16468599033817,0.1929951690821256,96,41,3.1594202898550723
CONT_001,2026-09-10 17:44:17.523790,Tomato,8.85,100.0,0.26,WARNING,2026-09-10,17,3,Thursday,1.1500000000000004,NORMAL,CRITICAL,MEDIUM,5,HIGH,HIGH,11.294,20.58,-1.98,87.60111764705883,100.0,60.11,0.1922647058823529,0.59,62,36,2.8941176470588235,10.869106753812636,87.4238779956427,0.1841830065359477,88,39,2.821350762527233
CONT_001,2026-09-10 17:44:31.362773,Banana,7.15,100.0,0.52,ANOMALY,2026-09-10,17,3,Thursday,2.85,NORMAL,CRITICAL,HIGH,6,HIGH,HIGH,11.294,20.58,-1.98,87.60111764705883,100.0,60.11,0.1922647058823529,0.59,62,36,2.8941176470588235,13.47314009661836,88.16468599033817,0.1929951690821256,96,41,3.1594202898550723
CONT_003,2026-09-10 17:44:33.554597,Tomato,16.06,100.0,0.49,ANOMALY,2026-09-10,17,3,Thursday,6.059999999999999,WARNING,CRITICAL,HIGH,7,CRITICAL,CRITICAL,11.193441734417345,19.75,-0.44,87.76967479674796,100.0,60.02,0.196910569105691,0.59,82,37,2.934959349593496,10.869106753812636,87.4238779956427,0.1841830065359477,88,39,2.821350762527233
CONT_001,2026-09-10 17:44:43.618510,Avocado,-1.98,100.0,0.46,ANOMALY,2026-09-10,17,3,Thursday,11.98,LOW,CRITICAL,HIGH,5,HIGH,HIGH,11.294,20.58,-1.98,87.60111764705883,100.0,60.11,0.1922647058823529,0.59,62,36,2.8941176470588235,9.1291628959276,88.95671945701358,0.1947285067873303,71,53,2.9524886877828056
CONT_004,2026-09-10 17:44:47.431392,Avocado,19.79,100.0,0.47,ANOMALY,2026-09-10,17,3,Thursday,9.79,WARNING,CRITICAL,HIGH,7,CRITICAL,CRITICAL,11.374931129476584,20.55,-1.66,87.65203856749311,100.0,60.25,0.1907988980716253,0.59,81,36,2.9421487603305785,9.1291628959276,88.95671945701358,0.1947285067873303,71,53,2.9524886877828056
CONT_001,2026-09-10 17:44:51.652132,Avocado,15.82,100.0,0.26,WARNING,2026-09-10,17,3,Thursday,5.82,WARNING,CRITICAL,MEDIUM,6,HIGH,HIGH,11.294,20.58,-1.98,87.60111764705883,100.0,60.11,0.1922647058823529,0.59,62,36,2.8941176470588235,9.1291628959276,88.95671945701358,0.1947285067873303,71,53,2.9524886877828056
CONT_002,2026-09-10 17:44:53.656646,Banana,15.4,100.0,0.23,WARNING,2026-09-10,17,3,Thursday,5.4,WARNING,CRITICAL,MEDIUM,6,HIGH,HIGH,11.068997050147493,20.03,-1.92,88.139203539823,100.0,61.48,0.1880530973451327,0.6,65,35,2.8997050147492627,13.47314009661836,88.16468599033817,0.1929951690821256,96,41,3.1594202898550723
CONT_005,2026-09-10 17:44:57.446711,Tomato,7.02,100.0,0.25,WARNING,2026-09-10,17,3,Thursday,2.9800000000000004,NORMAL,CRITICAL,MEDIUM,5,HIGH,HIGH,11.204625668449196,20.93,-1.87,87.44355614973261,100.0,60.03,0.1879411764705882,0.59,62,40,2.8181818181818183,10.869106753812636,87.4238779956427,0.1841830065359477,88,39,2.821350762527233
CONT_001,2026-09-10 17:45:05.681362,Avocado,15.42,100.0,0.27,WARNING,2026-09-10,17,3,Thursday,5.42,WARNING,CRITICAL,MEDIUM,6,HIGH,HIGH,11.294,20.58,-1.98,87.60111764705883,100.0,60.11,0.1922647058823529,0.59,62,36,2.8941176470588235,9.1291628959276,88.95671945701358,0.1947285067873303,71,53,2.9524886877828056
CONT_003,2026-09-10 17:45:09.700041,Mango,8.05,100.0,0.32,WARNING,2026-09-10,17,3,Thursday,1.9499999999999995,NORMAL,CRITICAL,MEDIUM,5,HIGH,HIGH,11.193441734417345,19.75,-0.44,87.76967479674796,100.0,60.02,0.196910569105691,0.59,82,37,2.934959349593496,11.575468085106383,86.43734042553191,0.1932340425531915,97,51,2.6893617021276595
CONT_001,2026-09-10 17:46:11.211941,Mango,19.45,100.0,0.48,ANOMALY,2026-09-10,17,3,Thursday,9.45,WARNING,CRITICAL,HIGH,7,CRITICAL,CRITICAL,11.294,20.58,-1.98,87.60111764705883,100.0,60.11,0.1922647058823529,0.59,62,36,2.8941176470588235,11.575468085106383,86.43734042553191,0.1932340425531915,97,51,2.6893617021276595
CONT_001,2026-09-10 17:46:17.265761,Banana,10.3,100.0,0.31,WARNING,2026-09-10,17,3,Thursday,0.3000000000000007,NORMAL,CRITICAL,MEDIUM,5,HIGH,HIGH,11.294,20.58,-1.98,87.60111764705883,100.0,60.11,0.1922647058823529,0.59,62,36,2.8941176470588235,13.47314009661836,88.16468599033817,0.1929951690821256,96,41,3.1594202898550723
CONT_003,2026-09-10 17:46:37.755725,Tomato,18.02,100.0,0.47,ANOMALY,2026-09-10,17,3,Thursday,8.02,WARNING,CRITICAL,HIGH,7,CRITICAL,CRITICAL,11.193441734417345,19.75,-0.44,87.76967479674796,100.0,60.02,0.196910569105691,0.59,82,37,2.934959349593496,10.869106753812636,87.4238779956427,0.1841830065359477,88,39,2.821350762527233
CONT_005,2026-09-10 17:46:41.754167,Tomato,6.45,100.0,0.59,ANOMALY,2026-09-10,17,3,Thursday,3.55,NORMAL,CRITICAL,HIGH,6,HIGH,HIGH,11.204625668449196,20.93,-1.87,87.44355614973261,100.0,60.03,0.1879411764705882,0.59,62,40,2.8181818181818183,10.869106753812636,87.4238779956427,0.1841830065359477,88,39,2.821350762527233
CONT_004,2026-09-10 17:46:49.768624,Mango,17.74,100.0,0.35,ANOMALY,2026-09-10,17,3,Thursday,7.739999999999998,WARNING,CRITICAL,MEDIUM,6,HIGH,HIGH,11.374931129476584,20.55,-1.66,87.65203856749311,100.0,60.25,0.1907988980716253,0.59,81,36,2.9421487603305785,11.575468085106383,86.43734042553191,0.1932340425531915,97,51,2.6893617021276595
CONT_005,2026-09-10 17:47:04.035890,Tomato,8.23,100.0,0.24,WARNING,2026-09-10,17,3,Thursday,1.7699999999999996,NORMAL,CRITICAL,MEDIUM,5,HIGH,HIGH,11.204625668449196,20.93,-1.87,87.44355614973261,100.0,60.03,0.1879411764705882,0.59,62,40,2.8181818181818183,10.869106753812636,87.4238779956427,0.1841830065359477,88,39,2.821350762527233
CONT_001,2026-09-10 17:47:18.159355,Tomato,14.53,100.0,0.25,WARNING,2026-09-10,17,3,Thursday,4.529999999999999,NORMAL,CRITICAL,MEDIUM,5,HIGH,HIGH,11.294,20.58,-1.98,87.60111764705883,100.0,60.11,0.1922647058823529,0.59,62,36,2.8941176470588235,10.869106753812636,87.4238779956427,0.1841830065359477,88,39,2.821350762527233
CONT_005,2026-09-10 17:47:32.182659,Banana,20.93,68.24,0.41,ANOMALY,2026-09-10,17,3,Thursday,10.93,CRITICAL,LOW,HIGH,5,HIGH,HIGH,11.204625668449196,20.93,-1.87,87.44355614973261,100.0,60.03,0.1879411764705882,0.59,62,40,2.8181818181818183,13.47314009661836,88.16468599033817,0.1929951690821256,96,41,3.1594202898550723
CONT_002,2026-09-10 17:47:38.194829,Mango,15.45,100.0,0.21,WARNING,2026-09-10,17,3,Thursday,5.449999999999999,WARNING,CRITICAL,MEDIUM,6,HIGH,HIGH,11.068997050147493,20.03,-1.92,88.139203539823,100.0,61.48,0.1880530973451327,0.6,65,35,2.8997050147492627,11.575468085106383,86.43734042553191,0.1932340425531915,97,51,2.6893617021276595
CONT_003,2026-09-10 17:47:50.218061,Mango,7.27,100.0,0.21,WARNING,2026-09-10,17,3,Thursday,2.7300000000000004,NORMAL,CRITICAL,MEDIUM,5,HIGH,HIGH,11.193441734417345,19.75,-0.44,87.76967479674796,100.0,60.02,0.196910569105691,0.59,82,37,2.934959349593496,11.575468085106383,86.43734042553191,0.1932340425531915,97,51,2.6893617021276595
CONT_003,2026-09-10 17:47:54.227633,Mango,8.89,100.0,0.32,WARNING,2026-09-10,17,3,Thursday,1.1099999999999994,NORMAL,CRITICAL,MEDIUM,5,HIGH,HIGH,11.193441734417345,19.75,-0.44,87.76967479674796,100.0,60.02,0.196910569105691,0.59,82,37,2.934959349593496,11.575468085106383,86.43734042553191,0.1932340425531915,97,51,2.6893617021276595
CONT_004,2026-09-10 17:48:05.434646,Banana,16.45,100.0,0.32,WARNING,2026-09-10,17,3,Thursday,6.449999999999999,WARNING,CRITICAL,MEDIUM,6,HIGH,HIGH,11.374931129476584,20.55,-1.66,87.65203856749311,100.0,60.25,0.1907988980716253,0.59,81,36,2.9421487603305785,13.47314009661836,88.16468599033817,0.1929951690821256,96,41,3.1594202898550723
CONT_002,2026-09-10 17:48:27.669005,Tomato,7.29,100.0,0.28,WARNING,2026-09-10,17,3,Thursday,2.71,NORMAL,CRITICAL,MEDIUM,5,HIGH,HIGH,11.068997050147493,20.03,-1.92,88.139203539823,100.0,61.48,0.1880530973451327,0.6,65,35,2.8997050147492627,10.869106753812636,87.4238779956427,0.1841830065359477,88,39,2.821350762527233
CONT_005,2026-09-10 17:49:02.950306,Mango,8.48,100.0,0.21,WARNING,2026-09-10,17,3,Thursday,1.5199999999999996,NORMAL,CRITICAL,MEDIUM,5,HIGH,HIGH,11.204625668449196,20.93,-1.87,87.44355614973261,100.0,60.03,0.1879411764705882,0.59,62,40,2.8181818181818183,11.575468085106383,86.43734042553191,0.1932340425531915,97,51,2.6893617021276595
CONT_003,2026-09-10 17:49:23.735111,Banana,6.87,100.0,0.46,ANOMALY,2026-09-10,17,3,Thursday,3.13,NORMAL,CRITICAL,HIGH,6,HIGH,HIGH,11.193441734417345,19.75,-0.44,87.76967479674796,100.0,60.02,0.196910569105691,0.59,82,37,2.934959349593496,13.47314009661836,88.16468599033817,0.1929951690821256,96,41,3.1594202898550723
CONT_001,2026-09-10 17:49:25.976526,Avocado,15.87,100.0,0.23,WARNING,2026-09-10,17,3,Thursday,5.869999999999999,WARNING,CRITICAL,MEDIUM,6,HIGH,HIGH,11.294,20.58,-1.98,87.60111764705883,100.0,60.11,0.1922647058823529,0.59,62,36,2.8941176470588235,9.1291628959276,88.95671945701358,0.1947285067873303,71,53,2.9524886877828056
CONT_001,2026-09-10 17:49:34.216337,Avocado,-1.47,100.0,0.54,ANOMALY,2026-09-10,17,3,Thursday,11.47,LOW,CRITICAL,HIGH,5,HIGH,HIGH,11.294,20.58,-1.98,87.60111764705883,100.0,60.11,0.1922647058823529,0.59,62,36,2.8941176470588235,9.1291628959276,88.95671945701358,0.1947285067873303,71,53,2.9524886877828056
CONT_002,2026-09-10 17:50:36.466827,Tomato,7.22,100.0,0.3,WARNING,2026-09-10,17,3,Thursday,2.78,NORMAL,CRITICAL,MEDIUM,5,HIGH,HIGH,11.068997050147493,20.03,-1.92,88.139203539823,100.0,61.48,0.1880530973451327,0.6,65,35,2.8997050147492627,10.869106753812636,87.4238779956427,0.1841830065359477,88,39,2.821350762527233
CONT_002,2026-09-10 17:50:46.698303,Tomato,3.16,100.0,0.47,ANOMALY,2026-09-10,17,3,Thursday,6.84,LOW,CRITICAL,HIGH,5,HIGH,HIGH,11.068997050147493,20.03,-1.92,88.139203539823,100.0,61.48,0.1880530973451327,0.6,65,35,2.8997050147492627,10.869106753812636,87.4238779956427,0.1841830065359477,88,39,2.821350762527233
CONT_003,2026-09-10 17:51:43.271459,Tomato,7.77,100.0,0.28,WARNING,2026-09-10,17,3,Thursday,2.2300000000000004,NORMAL,CRITICAL,MEDIUM,5,HIGH,HIGH,11.193441734417345,19.75,-0.44,87.76967479674796,100.0,60.02,0.196910569105691,0.59,82,37,2.934959349593496,10.869106753812636,87.4238779956427,0.1841830065359477,88,39,2.821350762527233
CONT_001,2026-09-10 17:51:51.463668,Banana,20.45,100.0,0.41,ANOMALY,2026-09-10,17,3,Thursday,10.45,CRITICAL,CRITICAL,HIGH,8,CRITICAL,CRITICAL,11.294,20.58,-1.98,87.60111764705883,100.0,60.11,0.1922647058823529,0.59,62,36,2.8941176470588235,13.47314009661836,88.16468599033817,0.1929951690821256,96,41,3.1594202898550723
CONT_001,2026-09-10 17:51:53.480852,Avocado,15.79,100.0,0.35,WARNING,2026-09-10,17,3,Thursday,5.789999999999999,WARNING,CRITICAL,MEDIUM,6,HIGH,HIGH,11.294,20.58,-1.98,87.60111764705883,100.0,60.11,0.1922647058823529,0.59,62,36,2.8941176470588235,9.1291628959276,88.95671945701358,0.1947285067873303,71,53,2.9524886877828056
CONT_003,2026-09-10 17:53:21.169991,Banana,15.92,100.0,0.2,WARNING,2026-09-10,17,3,Thursday,5.92,WARNING,CRITICAL,LOW,5,HIGH,HIGH,11.193441734417345,19.75,-0.44,87.76967479674796,100.0,60.02,0.196910569105691,0.59,82,37,2.934959349593496,13.47314009661836,88.16468599033817,0.1929951690821256,96,41,3.1594202898550723
CONT_004,2026-09-10 17:53:29.811301,Mango,5.24,100.0,0.48,ANOMALY,2026-09-10,17,3,Thursday,4.76,NORMAL,CRITICAL,HIGH,6,HIGH,HIGH,11.374931129476584,20.55,-1.66,87.65203856749311,100.0,60.25,0.1907988980716253,0.59,81,36,2.9421487603305785,11.575468085106383,86.43734042553191,0.1932340425531915,97,51,2.6893617021276595
CONT_002,2026-09-10 17:53:39.826148,Tomato,7.29,100.0,0.21,WARNING,2026-09-10,17,3,Thursday,2.71,NORMAL,CRITICAL,MEDIUM,5,HIGH,HIGH,11.068997050147493,20.03,-1.92,88.139203539823,100.0,61.48,0.1880530973451327,0.6,65,35,2.8997050147492627,10.869106753812636,87.4238779956427,0.1841830065359477,88,39,2.821350762527233
CONT_005,2026-09-10 17:53:41.829464,Mango,4.64,100.0,0.5,ANOMALY,2026-09-10,17,3,Thursday,5.36,LOW,CRITICAL,HIGH,5,HIGH,HIGH,11.204625668449196,20.93,-1.87,87.44355614973261,100.0,60.03,0.1879411764705882,0.59,62,40,2.8181818181818183,11.575468085106383,86.43734042553191,0.1932340425531915,97,51,2.6893617021276595
CONT_005,2026-09-10 17:54:01.869255,Mango,19.15,100.0,0.4,ANOMALY,2026-09-10,17,3,Thursday,9.15,WARNING,CRITICAL,MEDIUM,6,HIGH,HIGH,11.204625668449196,20.93,-1.87,87.44355614973261,100.0,60.03,0.1879411764705882,0.59,62,40,2.8181818181818183,11.575468085106383,86.43734042553191,0.1932340425531915,97,51,2.6893617021276595
CONT_001,2026-09-10 17:54:10.396846,Banana,16.29,100.0,0.23,WARNING,2026-09-10,17,3,Thursday,6.289999999999999,WARNING,CRITICAL,MEDIUM,6,HIGH,HIGH,11.294,20.58,-1.98,87.60111764705883,100.0,60.11,0.1922647058823529,0.59,62,36,2.8941176470588235,13.47314009661836,88.16468599033817,0.1929951690821256,96,41,3.1594202898550723
CONT_003,2026-09-10 17:54:57.303433,Avocado,15.75,100.0,0.3,WARNING,2026-09-10,17,3,Thursday,5.75,WARNING,CRITICAL,MEDIUM,6,HIGH,HIGH,11.193441734417345,19.75,-0.44,87.76967479674796,100.0,60.02,0.196910569105691,0.59,82,37,2.934959349593496,9.1291628959276,88.95671945701358,0.1947285067873303,71,53,2.9524886877828056
CONT_005,2026-09-10 17:55:11.344576,Avocado,-1.87,100.0,0.54,ANOMALY,2026-09-10,17,3,Thursday,11.87,LOW,CRITICAL,HIGH,5,HIGH,HIGH,11.204625668449196,20.93,-1.87,87.44355614973261,100.0,60.03,0.1879411764705882,0.59,62,40,2.8181818181818183,9.1291628959276,88.95671945701358,0.1947285067873303,71,53,2.9524886877828056
CONT_004,2026-09-10 17:55:43.681273,Mango,15.35,100.0,0.31,WARNING,2026-09-10,17,3,Thursday,5.35,WARNING,CRITICAL,MEDIUM,6,HIGH,HIGH,11.374931129476584,20.55,-1.66,87.65203856749311,100.0,60.25,0.1907988980716253,0.59,81,36,2.9421487603305785,11.575468085106383,86.43734042553191,0.1932340425531915,97,51,2.6893617021276595
CONT_001,2026-09-10 17:55:47.691495,Avocado,19.96,100.0,0.52,ANOMALY,2026-09-10,17,3,Thursday,9.96,WARNING,CRITICAL,HIGH,7,CRITICAL,CRITICAL,11.294,20.58,-1.98,87.60111764705883,100.0,60.11,0.1922647058823529,0.59,62,36,2.8941176470588235,9.1291628959276,88.95671945701358,0.1947285067873303,71,53,2.9524886877828056
CONT_003,2026-09-10 17:55:55.712034,Mango,7.95,100.0,0.33,WARNING,2026-09-10,17,3,Thursday,2.05,NORMAL,CRITICAL,MEDIUM,5,HIGH,HIGH,11.193441734417345,19.75,-0.44,87.76967479674796,100.0,60.02,0.196910569105691,0.59,82,37,2.934959349593496,11.575468085106383,86.43734042553191,0.1932340425531915,97,51,2.6893617021276595
CONT_001,2026-09-10 17:56:01.726967,Avocado,1.41,100.0,0.58,ANOMALY,2026-09-10,17,3,Thursday,8.59,LOW,CRITICAL,HIGH,5,HIGH,HIGH,11.294,20.58,-1.98,87.60111764705883,100.0,60.11,0.1922647058823529,0.59,62,36,2.8941176470588235,9.1291628959276,88.95671945701358,0.1947285067873303,71,53,2.9524886877828056
CONT_004,2026-09-10 17:56:23.801479,Tomato,14.68,100.0,0.21,WARNING,2026-09-10,17,3,Thursday,4.68,NORMAL,CRITICAL,MEDIUM,5,HIGH,HIGH,11.374931129476584,20.55,-1.66,87.65203856749311,100.0,60.25,0.1907988980716253,0.59,81,36,2.9421487603305785,10.869106753812636,87.4238779956427,0.1841830065359477,88,39,2.821350762527233
CONT_001,2026-09-10 17:56:29.872367,Avocado,18.94,100.0,0.54,ANOMALY,2026-09-10,17,3,Thursday,8.940000000000001,WARNING,CRITICAL,HIGH,7,CRITICAL,CRITICAL,11.294,20.58,-1.98,87.60111764705883,100.0,60.11,0.1922647058823529,0.59,62,36,2.8941176470588235,9.1291628959276,88.95671945701358,0.1947285067873303,71,53,2.9524886877828056
CONT_005,2026-09-10 17:56:31.881399,Avocado,15.72,100.0,0.32,WARNING,2026-09-10,17,3,Thursday,5.720000000000001,WARNING,CRITICAL,MEDIUM,6,HIGH,HIGH,11.204625668449196,20.93,-1.87,87.44355614973261,100.0,60.03,0.1879411764705882,0.59,62,40,2.8181818181818183,9.1291628959276,88.95671945701358,0.1947285067873303,71,53,2.9524886877828056
CONT_003,2026-09-10 17:56:41.982278,Mango,14.14,100.0,0.24,WARNING,2026-09-10,17,3,Thursday,4.140000000000001,NORMAL,CRITICAL,MEDIUM,5,HIGH,HIGH,11.193441734417345,19.75,-0.44,87.76967479674796,100.0,60.02,0.196910569105691,0.59,82,37,2.934959349593496,11.575468085106383,86.43734042553191,0.1932340425531915,97,51,2.6893617021276595
CONT_005,2026-09-10 17:56:45.987885,Banana,11.21,100.0,0.27,WARNING,2026-09-10,17,3,Thursday,1.2100000000000009,NORMAL,CRITICAL,MEDIUM,5,HIGH,HIGH,11.204625668449196,20.93,-1.87,87.44355614973261,100.0,60.03,0.1879411764705882,0.59,62,40,2.8181818181818183,13.47314009661836,88.16468599033817,0.1929951690821256,96,41,3.1594202898550723
CONT_003,2026-09-10 17:57:10.492141,Mango,18.17,100.0,0.35,ANOMALY,2026-09-10,17,3,Thursday,8.170000000000002,WARNING,CRITICAL,MEDIUM,6,HIGH,HIGH,11.193441734417345,19.75,-0.44,87.76967479674796,100.0,60.02,0.196910569105691,0.59,82,37,2.934959349593496,11.575468085106383,86.43734042553191,0.1932340425531915,97,51,2.6893617021276595
CONT_003,2026-09-10 17:57:34.715072,Mango,3.64,100.0,0.41,ANOMALY,2026-09-10,17,3,Thursday,6.359999999999999,LOW,CRITICAL,HIGH,5,HIGH,HIGH,11.193441734417345,19.75,-0.44,87.76967479674796,100.0,60.02,0.196910569105691,0.59,82,37,2.934959349593496,11.575468085106383,86.43734042553191,0.1932340425531915,97,51,2.6893617021276595
CONT_001,2026-09-10 17:57:38.245939,Mango,15.61,100.0,0.34,WARNING,2026-09-10,17,3,Thursday,5.609999999999999,WARNING,CRITICAL,MEDIUM,6,HIGH,HIGH,11.294,20.58,-1.98,87.60111764705883,100.0,60.11,0.1922647058823529,0.59,62,36,2.8941176470588235,11.575468085106383,86.43734042553191,0.1932340425531915,97,51,2.6893617021276595
CONT_002,2026-09-10 17:57:55.724376,Banana,20.03,62.48,0.53,ANOMALY,2026-09-10,17,3,Thursday,10.03,CRITICAL,LOW,HIGH,5,HIGH,HIGH,11.068997050147493,20.03,-1.92,88.139203539823,100.0,61.48,0.1880530973451327,0.6,65,35,2.8997050147492627,13.47314009661836,88.16468599033817,0.1929951690821256,96,41,3.1594202898550723
CONT_002,2026-09-10 17:58:15.767016,Banana,17.22,100.0,0.47,ANOMALY,2026-09-10,17,3,Thursday,7.219999999999999,WARNING,CRITICAL,HIGH,7,CRITICAL,CRITICAL,11.068997050147493,20.03,-1.92,88.139203539823,100.0,61.48,0.1880530973451327,0.6,65,35,2.8997050147492627,13.47314009661836,88.16468599033817,0.1929951690821256,96,41,3.1594202898550723
CONT_002,2026-09-10 17:58:41.989852,Banana,19.84,100.0,0.37,ANOMALY,2026-09-10,17,3,Thursday,9.84,WARNING,CRITICAL,MEDIUM,6,HIGH,HIGH,11.068997050147493,20.03,-1.92,88.139203539823,100.0,61.48,0.1880530973451327,0.6,65,35,2.8997050147492627,13.47314009661836,88.16468599033817,0.1929951690821256,96,41,3.1594202898550723
CONT_002,2026-09-10 17:58:43.997398,Tomato,8.88,100.0,0.29,WARNING,2026-09-10,17,3,Thursday,1.1199999999999992,NORMAL,CRITICAL,MEDIUM,5,HIGH,HIGH,11.068997050147493,20.03,-1.92,88.139203539823,100.0,61.48,0.1880530973451327,0.6,65,35,2.8997050147492627,10.869106753812636,87.4238779956427,0.1841830065359477,88,39,2.821350762527233
CONT_002,2026-09-10 17:59:04.450639,Tomato,16.04,100.0,0.6,ANOMALY,2026-09-10,17,3,Thursday,6.039999999999999,WARNING,CRITICAL,HIGH,7,CRITICAL,CRITICAL,11.068997050147493,20.03,-1.92,88.139203539823,100.0,61.48,0.1880530973451327,0.6,65,35,2.8997050147492627,10.869106753812636,87.4238779956427,0.1841830065359477,88,39,2.821350762527233
CONT_003,2026-09-10 17:59:18.479974,Mango,4.58,100.0,0.53,ANOMALY,2026-09-10,17,3,Thursday,5.42,LOW,CRITICAL,HIGH,5,HIGH,HIGH,11.193441734417345,19.75,-0.44,87.76967479674796,100.0,60.02,0.196910569105691,0.59,82,37,2.934959349593496,11.575468085106383,86.43734042553191,0.1932340425531915,97,51,2.6893617021276595
CONT_002,2026-09-10 17:59:20.482213,Mango,16.82,100.0,0.37,ANOMALY,2026-09-10,17,3,Thursday,6.82,WARNING,CRITICAL,MEDIUM,6,HIGH,HIGH,11.068997050147493,20.03,-1.92,88.139203539823,100.0,61.48,0.1880530973451327,0.6,65,35,2.8997050147492627,11.575468085106383,86.43734042553191,0.1932340425531915,97,51,2.6893617021276595
CONT_005,2026-09-10 17:59:26.495393,Banana,11.76,100.0,0.3,WARNING,2026-09-10,17,3,Thursday,1.7599999999999998,NORMAL,CRITICAL,MEDIUM,5,HIGH,HIGH,11.204625668449196,20.93,-1.87,87.44355614973261,100.0,60.03,0.1879411764705882,0.59,62,40,2.8181818181818183,13.47314009661836,88.16468599033817,0.1929951690821256,96,41,3.1594202898550723
CONT_001,2026-09-10 17:59:32.508249,Avocado,19.56,100.0,0.46,ANOMALY,2026-09-10,17,3,Thursday,9.56,WARNING,CRITICAL,HIGH,7,CRITICAL,CRITICAL,11.294,20.58,-1.98,87.60111764705883,100.0,60.11,0.1922647058823529,0.59,62,36,2.8941176470588235,9.1291628959276,88.95671945701358,0.1947285067873303,71,53,2.9524886877828056
CONT_005,2026-09-10 17:59:48.545860,Mango,19.05,100.0,0.44,ANOMALY,2026-09-10,17,3,Thursday,9.05,WARNING,CRITICAL,HIGH,7,CRITICAL,CRITICAL,11.204625668449196,20.93,-1.87,87.44355614973261,100.0,60.03,0.1879411764705882,0.59,62,40,2.8181818181818183,11.575468085106383,86.43734042553191,0.1932340425531915,97,51,2.6893617021276595
CONT_003,2026-09-10 17:59:56.562781,Mango,17.95,100.0,0.44,ANOMALY,2026-09-10,17,3,Thursday,7.949999999999999,WARNING,CRITICAL,HIGH,7,CRITICAL,CRITICAL,11.193441734417345,19.75,-0.44,87.76967479674796,100.0,60.02,0.196910569105691,0.59,82,37,2.934959349593496,11.575468085106383,86.43734042553191,0.1932340425531915,97,51,2.6893617021276595
CONT_004,2026-09-10 18:00:10.584902,Mango,7.57,100.0,0.29,WARNING,2026-09-10,18,3,Thursday,2.43,NORMAL,CRITICAL,MEDIUM,5,HIGH,HIGH,11.374931129476584,20.55,-1.66,87.65203856749311,100.0,60.25,0.1907988980716253,0.59,81,36,2.9421487603305785,11.575468085106383,86.43734042553191,0.1932340425531915,97,51,2.6893617021276595
CONT_001,2026-09-10 18:00:16.698504,Tomato,4.45,100.0,0.57,ANOMALY,2026-09-10,18,3,Thursday,5.55,LOW,CRITICAL,HIGH,5,HIGH,HIGH,11.294,20.58,-1.98,87.60111764705883,100.0,60.11,0.1922647058823529,0.59,62,36,2.8941176470588235,10.869106753812636,87.4238779956427,0.1841830065359477,88,39,2.821350762527233
CONT_002,2026-09-10 18:00:26.745048,Banana,10.49,100.0,0.25,WARNING,2026-09-10,18,3,Thursday,0.4900000000000002,NORMAL,CRITICAL,MEDIUM,5,HIGH,HIGH,11.068997050147493,20.03,-1.92,88.139203539823,100.0,61.48,0.1880530973451327,0.6,65,35,2.8997050147492627,13.47314009661836,88.16468599033817,0.1929951690821256,96,41,3.1594202898550723
CONT_003,2026-09-10 18:14:25.424645,Tomato,8.16,100.0,0.28,WARNING,2026-09-10,18,3,Thursday,1.84,NORMAL,CRITICAL,MEDIUM,5,HIGH,HIGH,11.193441734417345,19.75,-0.44,87.76967479674796,100.0,60.02,0.196910569105691,0.59,82,37,2.934959349593496,10.869106753812636,87.4238779956427,0.1841830065359477,88,39,2.821350762527233
CONT_003,2026-09-10 18:14:27.441269,Banana,15.89,100.0,0.28,WARNING,2026-09-10,18,3,Thursday,5.890000000000001,WARNING,CRITICAL,MEDIUM,6,HIGH,HIGH,11.193441734417345,19.75,-0.44,87.76967479674796,100.0,60.02,0.196910569105691,0.59,82,37,2.934959349593496,13.47314009661836,88.16468599033817,0.1929951690821256,96,41,3.1594202898550723
CONT_003,2026-09-10 18:14:35.457467,Mango,7.75,100.0,0.3,WARNING,2026-09-10,18,3,Thursday,2.25,NORMAL,CRITICAL,MEDIUM,5,HIGH,HIGH,11.193441734417345,19.75,-0.44,87.76967479674796,100.0,60.02,0.196910569105691,0.59,82,37,2.934959349593496,11.575468085106383,86.43734042553191,0.1932340425531915,97,51,2.6893617021276595
CONT_004,2026-09-10 18:14:43.494469,Banana,15.74,100.0,0.22,WARNING,2026-09-10,18,3,Thursday,5.74,WARNING,CRITICAL,MEDIUM,6,HIGH,HIGH,11.374931129476584,20.55,-1.66,87.65203856749311,100.0,60.25,0.1907988980716253,0.59,81,36,2.9421487603305785,13.47314009661836,88.16468599033817,0.1929951690821256,96,41,3.1594202898550723
CONT_003,2026-09-10 18:14:51.597865,Mango,15.22,100.0,0.3,WARNING,2026-09-10,18,3,Thursday,5.220000000000001,WARNING,CRITICAL,MEDIUM,6,HIGH,HIGH,11.193441734417345,19.75,-0.44,87.76967479674796,100.0,60.02,0.196910569105691,0.59,82,37,2.934959349593496,11.575468085106383,86.43734042553191,0.1932340425531915,97,51,2.6893617021276595
CONT_003,2026-09-10 18:15:17.721159,Avocado,14.55,100.0,0.32,WARNING,2026-09-10,18,3,Thursday,4.550000000000001,NORMAL,CRITICAL,MEDIUM,5,HIGH,HIGH,11.193441734417345,19.75,-0.44,87.76967479674796,100.0,60.02,0.196910569105691,0.59,82,37,2.934959349593496,9.1291628959276,88.95671945701358,0.1947285067873303,71,53,2.9524886877828056
CONT_002,2026-09-10 18:15:25.735136,Banana,17.46,72.4,0.5,ANOMALY,2026-09-10,18,3,Thursday,7.460000000000001,WARNING,NORMAL,HIGH,5,HIGH,HIGH,11.068997050147493,20.03,-1.92,88.139203539823,100.0,61.48,0.1880530973451327,0.6,65,35,2.8997050147492627,13.47314009661836,88.16468599033817,0.1929951690821256,96,41,3.1594202898550723
CONT_004,2026-09-10 18:15:27.741867,Banana,16.76,100.0,0.27,WARNING,2026-09-10,18,3,Thursday,6.760000000000002,WARNING,CRITICAL,MEDIUM,6,HIGH,HIGH,11.374931129476584,20.55,-1.66,87.65203856749311,100.0,60.25,0.1907988980716253,0.59,81,36,2.9421487603305785,13.47314009661836,88.16468599033817,0.1929951690821256,96,41,3.1594202898550723
CONT_002,2026-09-10 18:15:29.744824,Mango,18.19,100.0,0.59,ANOMALY,2026-09-10,18,3,Thursday,8.190000000000001,WARNING,CRITICAL,HIGH,7,CRITICAL,CRITICAL,11.068997050147493,20.03,-1.92,88.139203539823,100.0,61.48,0.1880530973451327,0.6,65,35,2.8997050147492627,11.575468085106383,86.43734042553191,0.1932340425531915,97,51,2.6893617021276595
CONT_003,2026-09-10 18:15:35.759918,Mango,14.37,100.0,0.25,WARNING,2026-09-10,18,3,Thursday,4.369999999999999,NORMAL,CRITICAL,MEDIUM,5,HIGH,HIGH,11.193441734417345,19.75,-0.44,87.76967479674796,100.0,60.02,0.196910569105691,0.59,82,37,2.934959349593496,11.575468085106383,86.43734042553191,0.1932340425531915,97,51,2.6893617021276595
CONT_001,2026-09-10 18:16:03.820707,Avocado,14.67,100.0,0.26,WARNING,2026-09-10,18,3,Thursday,4.67,NORMAL,CRITICAL,MEDIUM,5,HIGH,HIGH,11.294,20.58,-1.98,87.60111764705883,100.0,60.11,0.1922647058823529,0.59,62,36,2.8941176470588235,9.1291628959276,88.95671945701358,0.1947285067873303,71,53,2.9524886877828056
CONT_004,2026-09-10 18:16:17.845963,Tomato,7.18,100.0,0.28,WARNING,2026-09-10,18,3,Thursday,2.8200000000000003,NORMAL,CRITICAL,MEDIUM,5,HIGH,HIGH,11.374931129476584,20.55,-1.66,87.65203856749311,100.0,60.25,0.1907988980716253,0.59,81,36,2.9421487603305785,10.869106753812636,87.4238779956427,0.1841830065359477,88,39,2.821350762527233
CONT_002,2026-09-10 18:16:33.880762,Mango,14.5,100.0,0.29,WARNING,2026-09-10,18,3,Thursday,4.5,NORMAL,CRITICAL,MEDIUM,5,HIGH,HIGH,11.068997050147493,20.03,-1.92,88.139203539823,100.0,61.48,0.1880530973451327,0.6,65,35,2.8997050147492627,11.575468085106383,86.43734042553191,0.1932340425531915,97,51,2.6893617021276595
CONT_002,2026-09-10 18:16:51.923193,Avocado,19.1,100.0,0.59,ANOMALY,2026-09-10,18,3,Thursday,9.1,WARNING,CRITICAL,HIGH,7,CRITICAL,CRITICAL,11.068997050147493,20.03,-1.92,88.139203539823,100.0,61.48,0.1880530973451327,0.6,65,35,2.8997050147492627,9.1291628959276,88.95671945701358,0.1947285067873303,71,53,2.9524886877828056
CONT_003,2026-09-10 18:16:55.928772,Mango,4.3,100.0,0.52,ANOMALY,2026-09-10,18,3,Thursday,5.7,LOW,CRITICAL,HIGH,5,HIGH,HIGH,11.193441734417345,19.75,-0.44,87.76967479674796,100.0,60.02,0.196910569105691,0.59,82,37,2.934959349593496,11.575468085106383,86.43734042553191,0.1932340425531915,97,51,2.6893617021276595
CONT_001,2026-09-10 18:17:05.948591,Banana,17.73,100.0,0.58,ANOMALY,2026-09-10,18,3,Thursday,7.73,WARNING,CRITICAL,HIGH,7,CRITICAL,CRITICAL,11.294,20.58,-1.98,87.60111764705883,100.0,60.11,0.1922647058823529,0.59,62,36,2.8941176470588235,13.47314009661836,88.16468599033817,0.1929951690821256,96,41,3.1594202898550723
CONT_002,2026-09-10 18:17:19.976677,Banana,11.03,100.0,0.23,WARNING,2026-09-10,18,3,Thursday,1.0299999999999994,NORMAL,CRITICAL,MEDIUM,5,HIGH,HIGH,11.068997050147493,20.03,-1.92,88.139203539823,100.0,61.48,0.1880530973451327,0.6,65,35,2.8997050147492627,13.47314009661836,88.16468599033817,0.1929951690821256,96,41,3.1594202898550723
CONT_001,2026-09-10 18:17:23.982625,Tomato,5.12,100.0,0.36,ANOMALY,2026-09-10,18,3,Thursday,4.88,NORMAL,CRITICAL,MEDIUM,5,HIGH,HIGH,11.294,20.58,-1.98,87.60111764705883,100.0,60.11,0.1922647058823529,0.59,62,36,2.8941176470588235,10.869106753812636,87.4238779956427,0.1841830065359477,88,39,2.821350762527233
CONT_004,2026-09-10 18:17:32.003140,Avocado,16.94,100.0,0.37,ANOMALY,2026-09-10,18,3,Thursday,6.940000000000001,WARNING,CRITICAL,MEDIUM,6,HIGH,HIGH,11.374931129476584,20.55,-1.66,87.65203856749311,100.0,60.25,0.1907988980716253,0.59,81,36,2.9421487603305785,9.1291628959276,88.95671945701358,0.1947285067873303,71,53,2.9524886877828056
CONT_005,2026-09-10 18:17:42.021886,Banana,18.63,100.0,0.5,ANOMALY,2026-09-10,18,3,Thursday,8.629999999999999,WARNING,CRITICAL,HIGH,7,CRITICAL,CRITICAL,11.204625668449196,20.93,-1.87,87.44355614973261,100.0,60.03,0.1879411764705882,0.59,62,40,2.8181818181818183,13.47314009661836,88.16468599033817,0.1929951690821256,96,41,3.1594202898550723
CONT_001,2026-09-10 18:17:50.040824,Mango,15.95,100.0,0.29,WARNING,2026-09-10,18,3,Thursday,5.949999999999999,WARNING,CRITICAL,MEDIUM,6,HIGH,HIGH,11.294,20.58,-1.98,87.60111764705883,100.0,60.11,0.1922647058823529,0.59,62,36,2.8941176470588235,11.575468085106383,86.43734042553191,0.1932340425531915,97,51,2.6893617021276595
CONT_001,2026-09-10 18:17:52.044974,Tomato,7.42,100.0,0.34,WARNING,2026-09-10,18,3,Thursday,2.58,NORMAL,CRITICAL,MEDIUM,5,HIGH,HIGH,11.294,20.58,-1.98,87.60111764705883,100.0,60.11,0.1922647058823529,0.59,62,36,2.8941176470588235,10.869106753812636,87.4238779956427,0.1841830065359477,88,39,2.821350762527233
CONT_001,2026-09-10 18:18:10.101426,Mango,14.83,100.0,0.26,WARNING,2026-09-10,18,3,Thursday,4.83,NORMAL,CRITICAL,MEDIUM,5,HIGH,HIGH,11.294,20.58,-1.98,87.60111764705883,100.0,60.11,0.1922647058823529,0.59,62,36,2.8941176470588235,11.575468085106383,86.43734042553191,0.1932340425531915,97,51,2.6893617021276595
CONT_002,2026-09-10 18:20:43.952971,Tomato,15.55,100.0,0.5,ANOMALY,2026-09-10,18,3,Thursday,5.550000000000001,WARNING,CRITICAL,HIGH,7,CRITICAL,CRITICAL,11.068997050147493,20.03,-1.92,88.139203539823,100.0,61.48,0.1880530973451327,0.6,65,35,2.8997050147492627,10.869106753812636,87.4238779956427,0.1841830065359477,88,39,2.821350762527233
CONT_005,2026-09-10 18:21:36.081466,Mango,15.62,100.0,0.32,WARNING,2026-09-10,18,3,Thursday,5.619999999999999,WARNING,CRITICAL,MEDIUM,6,HIGH,HIGH,11.204625668449196,20.93,-1.87,87.44355614973261,100.0,60.03,0.1879411764705882,0.59,62,40,2.8181818181818183,11.575468085106383,86.43734042553191,0.1932340425531915,97,51,2.6893617021276595
CONT_003,2026-09-10 18:21:40.087580,Banana,10.62,100.0,0.32,WARNING,2026-09-10,18,3,Thursday,0.6199999999999992,NORMAL,CRITICAL,MEDIUM,5,HIGH,HIGH,11.193441734417345,19.75,-0.44,87.76967479674796,100.0,60.02,0.196910569105691,0.59,82,37,2.934959349593496,13.47314009661836,88.16468599033817,0.1929951690821256,96,41,3.1594202898550723
CONT_003,2026-09-10 18:21:48.115980,Mango,8.66,100.0,0.29,WARNING,2026-09-10,18,3,Thursday,1.34,NORMAL,CRITICAL,MEDIUM,5,HIGH,HIGH,11.193441734417345,19.75,-0.44,87.76967479674796,100.0,60.02,0.196910569105691,0.59,82,37,2.934959349593496,11.575468085106383,86.43734042553191,0.1932340425531915,97,51,2.6893617021276595
CONT_002,2026-09-10 18:21:50.120449,Mango,7.79,100.0,0.29,WARNING,2026-09-10,18,3,Thursday,2.21,NORMAL,CRITICAL,MEDIUM,5,HIGH,HIGH,11.068997050147493,20.03,-1.92,88.139203539823,100.0,61.48,0.1880530973451327,0.6,65,35,2.8997050147492627,11.575468085106383,86.43734042553191,0.1932340425531915,97,51,2.6893617021276595
CONT_001,2026-09-10 18:21:52.640667,Banana,11.71,100.0,0.3,WARNING,2026-09-10,18,3,Thursday,1.7100000000000009,NORMAL,CRITICAL,MEDIUM,5,HIGH,HIGH,11.294,20.58,-1.98,87.60111764705883,100.0,60.11,0.1922647058823529,0.59,62,36,2.8941176470588235,13.47314009661836,88.16468599033817,0.1929951690821256,96,41,3.1594202898550723
CONT_005,2026-09-10 18:21:58.676765,Mango,7.16,100.0,0.32,WARNING,2026-09-10,18,3,Thursday,2.84,NORMAL,CRITICAL,MEDIUM,5,HIGH,HIGH,11.204625668449196,20.93,-1.87,87.44355614973261,100.0,60.03,0.1879411764705882,0.59,62,40,2.8181818181818183,11.575468085106383,86.43734042553191,0.1932340425531915,97,51,2.6893617021276595
CONT_005,2026-09-10 18:22:12.708512,Mango,5.84,100.0,0.56,ANOMALY,2026-09-10,18,3,Thursday,4.16,NORMAL,CRITICAL,HIGH,6,HIGH,HIGH,11.204625668449196,20.93,-1.87,87.44355614973261,100.0,60.03,0.1879411764705882,0.59,62,40,2.8181818181818183,11.575468085106383,86.43734042553191,0.1932340425531915,97,51,2.6893617021276595
CONT_001,2026-09-10 18:22:14.713345,Tomato,13.4,100.0,0.23,WARNING,2026-09-10,18,3,Thursday,3.4000000000000004,NORMAL,CRITICAL,MEDIUM,5,HIGH,HIGH,11.294,20.58,-1.98,87.60111764705883,100.0,60.11,0.1922647058823529,0.59,62,36,2.8941176470588235,10.869106753812636,87.4238779956427,0.1841830065359477,88,39,2.821350762527233
CONT_004,2026-09-10 18:22:37.279863,Banana,16.32,100.0,0.21,WARNING,2026-09-10,18,3,Thursday,6.32,WARNING,CRITICAL,MEDIUM,6,HIGH,HIGH,11.374931129476584,20.55,-1.66,87.65203856749311,100.0,60.25,0.1907988980716253,0.59,81,36,2.9421487603305785,13.47314009661836,88.16468599033817,0.1929951690821256,96,41,3.1594202898550723
CONT_002,2026-09-10 18:22:41.289358,Avocado,-1.55,100.0,0.51,ANOMALY,2026-09-10,18,3,Thursday,11.55,LOW,CRITICAL,HIGH,5,HIGH,HIGH,11.068997050147493,20.03,-1.92,88.139203539823,100.0,61.48,0.1880530973451327,0.6,65,35,2.8997050147492627,9.1291628959276,88.95671945701358,0.1947285067873303,71,53,2.9524886877828056
CONT_001,2026-09-10 18:22:59.332658,Banana,20.58,64.53,0.58,ANOMALY,2026-09-10,18,3,Thursday,10.579999999999998,CRITICAL,LOW,HIGH,5,HIGH,HIGH,11.294,20.58,-1.98,87.60111764705883,100.0,60.11,0.1922647058823529,0.59,62,36,2.8941176470588235,13.47314009661836,88.16468599033817,0.1929951690821256,96,41,3.1594202898550723
CONT_001,2026-09-10 18:23:03.338834,Avocado,15.95,100.0,0.32,WARNING,2026-09-10,18,3,Thursday,5.949999999999999,WARNING,CRITICAL,MEDIUM,6,HIGH,HIGH,11.294,20.58,-1.98,87.60111764705883,100.0,60.11,0.1922647058823529,0.59,62,36,2.8941176470588235,9.1291628959276,88.95671945701358,0.1947285067873303,71,53,2.9524886877828056
CONT_004,2026-09-10 18:23:23.373532,Avocado,14.15,100.0,0.35,WARNING,2026-09-10,18,3,Thursday,4.15,NORMAL,CRITICAL,MEDIUM,5,HIGH,HIGH,11.374931129476584,20.55,-1.66,87.65203856749311,100.0,60.25,0.1907988980716253,0.59,81,36,2.9421487603305785,9.1291628959276,88.95671945701358,0.1947285067873303,71,53,2.9524886877828056
CONT_005,2026-09-10 18:23:25.376554,Avocado,15.45,100.0,0.29,WARNING,2026-09-10,18,3,Thursday,5.449999999999999,WARNING,CRITICAL,MEDIUM,6,HIGH,HIGH,11.204625668449196,20.93,-1.87,87.44355614973261,100.0,60.03,0.1879411764705882,0.59,62,40,2.8181818181818183,9.1291628959276,88.95671945701358,0.1947285067873303,71,53,2.9524886877828056
CONT_001,2026-09-10 18:23:43.408554,Avocado,15.93,100.0,0.31,WARNING,2026-09-10,18,3,Thursday,5.93,WARNING,CRITICAL,MEDIUM,6,HIGH,HIGH,11.294,20.58,-1.98,87.60111764705883,100.0,60.11,0.1922647058823529,0.59,62,36,2.8941176470588235,9.1291628959276,88.95671945701358,0.1947285067873303,71,53,2.9524886877828056
CONT_004,2026-09-10 18:24:01.443217,Banana,16.72,100.0,0.28,WARNING,2026-09-10,18,3,Thursday,6.719999999999999,WARNING,CRITICAL,MEDIUM,6,HIGH,HIGH,11.374931129476584,20.55,-1.66,87.65203856749311,100.0,60.25,0.1907988980716253,0.59,81,36,2.9421487603305785,13.47314009661836,88.16468599033817,0.1929951690821256,96,41,3.1594202898550723
CONT_003,2026-09-10 18:24:23.483306,Tomato,13.26,100.0,0.29,WARNING,2026-09-10,18,3,Thursday,3.26,NORMAL,CRITICAL,MEDIUM,5,HIGH,HIGH,11.193441734417345,19.75,-0.44,87.76967479674796,100.0,60.02,0.196910569105691,0.59,82,37,2.934959349593496,10.869106753812636,87.4238779956427,0.1841830065359477,88,39,2.821350762527233
CONT_005,2026-09-10 18:24:33.504540,Banana,8.32,100.0,0.4,ANOMALY,2026-09-10,18,3,Thursday,1.6799999999999995,NORMAL,CRITICAL,MEDIUM,5,HIGH,HIGH,11.204625668449196,20.93,-1.87,87.44355614973261,100.0,60.03,0.1879411764705882,0.59,62,40,2.8181818181818183,13.47314009661836,88.16468599033817,0.1929951690821256,96,41,3.1594202898550723
CONT_005,2026-09-10 18:24:37.532115,Mango,15.64,100.0,0.31,WARNING,2026-09-10,18,3,Thursday,5.640000000000001,WARNING,CRITICAL,MEDIUM,6,HIGH,HIGH,11.204625668449196,20.93,-1.87,87.44355614973261,100.0,60.03,0.1879411764705882,0.59,62,40,2.8181818181818183,11.575468085106383,86.43734042553191,0.1932340425531915,97,51,2.6893617021276595
CONT_001,2026-09-10 18:24:47.554818,Mango,7.38,100.0,0.28,WARNING,2026-09-10,18,3,Thursday,2.62,NORMAL,CRITICAL,MEDIUM,5,HIGH,HIGH,11.294,20.58,-1.98,87.60111764705883,100.0,60.11,0.1922647058823529,0.59,62,36,2.8941176470588235,11.575468085106383,86.43734042553191,0.1932340425531915,97,51,2.6893617021276595
CONT_001,2026-09-10 18:24:57.575107,Avocado,0.72,100.0,0.46,ANOMALY,2026-09-10,18,3,Thursday,9.28,LOW,CRITICAL,HIGH,5,HIGH,HIGH,11.294,20.58,-1.98,87.60111764705883,100.0,60.11,0.1922647058823529,0.59,62,36,2.8941176470588235,9.1291628959276,88.95671945701358,0.1947285067873303,71,53,2.9524886877828056
CONT_001,2026-09-10 18:25:01.585792,Mango,5.5,100.0,0.47,ANOMALY,2026-09-10,18,3,Thursday,4.5,NORMAL,CRITICAL,HIGH,6,HIGH,HIGH,11.294,20.58,-1.98,87.60111764705883,100.0,60.11,0.1922647058823529,0.59,62,36,2.8941176470588235,11.575468085106383,86.43734042553191,0.1932340425531915,97,51,2.6893617021276595
CONT_003,2026-09-10 18:25:11.613390,Avocado,-0.44,100.0,0.54,ANOMALY,2026-09-10,18,3,Thursday,10.44,LOW,CRITICAL,HIGH,5,HIGH,HIGH,11.193441734417345,19.75,-0.44,87.76967479674796,100.0,60.02,0.196910569105691,0.59,82,37,2.934959349593496,9.1291628959276,88.95671945701358,0.1947285067873303,71,53,2.9524886877828056
CONT_005,2026-09-10 18:25:27.645994,Mango,15.42,100.0,0.29,WARNING,2026-09-10,18,3,Thursday,5.42,WARNING,CRITICAL,MEDIUM,6,HIGH,HIGH,11.204625668449196,20.93,-1.87,87.44355614973261,100.0,60.03,0.1879411764705882,0.59,62,40,2.8181818181818183,11.575468085106383,86.43734042553191,0.1932340425531915,97,51,2.6893617021276595
CONT_001,2026-09-10 18:25:43.713206,Tomato,16.82,100.0,0.54,ANOMALY,2026-09-10,18,3,Thursday,6.82,WARNING,CRITICAL,HIGH,7,CRITICAL,CRITICAL,11.294,20.58,-1.98,87.60111764705883,100.0,60.11,0.1922647058823529,0.59,62,36,2.8941176470588235,10.869106753812636,87.4238779956427,0.1841830065359477,88,39,2.821350762527233
CONT_004,2026-09-10 18:25:45.744357,Banana,10.22,100.0,0.3,WARNING,2026-09-10,18,3,Thursday,0.2200000000000006,NORMAL,CRITICAL,MEDIUM,5,HIGH,HIGH,11.374931129476584,20.55,-1.66,87.65203856749311,100.0,60.25,0.1907988980716253,0.59,81,36,2.9421487603305785,13.47314009661836,88.16468599033817,0.1929951690821256,96,41,3.1594202898550723
CONT_004,2026-09-10 18:40:29.497245,Avocado,15.56,100.0,0.3,WARNING,2026-09-10,18,3,Thursday,5.5600000000000005,WARNING,CRITICAL,MEDIUM,6,HIGH,HIGH,11.374931129476584,20.55,-1.66,87.65203856749311,100.0,60.25,0.1907988980716253,0.59,81,36,2.9421487603305785,9.1291628959276,88.95671945701358,0.1947285067873303,71,53,2.9524886877828056
CONT_002,2026-09-10 18:40:35.504202,Banana,15.18,100.0,0.29,WARNING,2026-09-10,18,3,Thursday,5.18,WARNING,CRITICAL,MEDIUM,6,HIGH,HIGH,11.068997050147493,20.03,-1.92,88.139203539823,100.0,61.48,0.1880530973451327,0.6,65,35,2.8997050147492627,13.47314009661836,88.16468599033817,0.1929951690821256,96,41,3.1594202898550723
CONT_003,2026-09-10 18:40:47.788479,Banana,16.84,100.0,0.27,WARNING,2026-09-10,18,3,Thursday,6.84,WARNING,CRITICAL,MEDIUM,6,HIGH,HIGH,11.193441734417345,19.75,-0.44,87.76967479674796,100.0,60.02,0.196910569105691,0.59,82,37,2.934959349593496,13.47314009661836,88.16468599033817,0.1929951690821256,96,41,3.1594202898550723
CONT_005,2026-09-10 18:41:07.985472,Mango,15.27,100.0,0.34,WARNING,2026-09-10,18,3,Thursday,5.27,WARNING,CRITICAL,MEDIUM,6,HIGH,HIGH,11.204625668449196,20.93,-1.87,87.44355614973261,100.0,60.03,0.1879411764705882,0.59,62,40,2.8181818181818183,11.575468085106383,86.43734042553191,0.1932340425531915,97,51,2.6893617021276595
CONT_001,2026-09-10 18:41:12.370065,Mango,14.17,100.0,0.28,WARNING,2026-09-10,18,3,Thursday,4.17,NORMAL,CRITICAL,MEDIUM,5,HIGH,HIGH,11.294,20.58,-1.98,87.60111764705883,100.0,60.11,0.1922647058823529,0.59,62,36,2.8941176470588235,11.575468085106383,86.43734042553191,0.1932340425531915,97,51,2.6893617021276595
CONT_003,2026-09-10 18:41:22.674102,Tomato,17.22,70.37,0.45,ANOMALY,2026-09-10,18,3,Thursday,7.219999999999999,WARNING,NORMAL,HIGH,5,HIGH,HIGH,11.193441734417345,19.75,-0.44,87.76967479674796,100.0,60.02,0.196910569105691,0.59,82,37,2.934959349593496,10.869106753812636,87.4238779956427,0.1841830065359477,88,39,2.821350762527233
CONT_002,2026-09-10 18:41:26.891667,Banana,10.92,100.0,0.32,WARNING,2026-09-10,18,3,Thursday,0.92,NORMAL,CRITICAL,MEDIUM,5,HIGH,HIGH,11.068997050147493,20.03,-1.92,88.139203539823,100.0,61.48,0.1880530973451327,0.6,65,35,2.8997050147492627,13.47314009661836,88.16468599033817,0.1929951690821256,96,41,3.1594202898550723
CONT_002,2026-09-10 18:41:40.916010,Banana,11.36,100.0,0.31,WARNING,2026-09-10,18,3,Thursday,1.3599999999999994,NORMAL,CRITICAL,MEDIUM,5,HIGH,HIGH,11.068997050147493,20.03,-1.92,88.139203539823,100.0,61.48,0.1880530973451327,0.6,65,35,2.8997050147492627,13.47314009661836,88.16468599033817,0.1929951690821256,96,41,3.1594202898550723
CONT_001,2026-09-10 18:42:23.081971,Banana,15.43,100.0,0.26,WARNING,2026-09-10,18,3,Thursday,5.43,WARNING,CRITICAL,MEDIUM,6,HIGH,HIGH,11.294,20.58,-1.98,87.60111764705883,100.0,60.11,0.1922647058823529,0.59,62,36,2.8941176470588235,13.47314009661836,88.16468599033817,0.1929951690821256,96,41,3.1594202898550723
CONT_003,2026-09-10 18:42:25.256844,Tomato,13.18,100.0,0.25,WARNING,2026-09-10,18,3,Thursday,3.18,NORMAL,CRITICAL,MEDIUM,5,HIGH,HIGH,11.193441734417345,19.75,-0.44,87.76967479674796,100.0,60.02,0.196910569105691,0.59,82,37,2.934959349593496,10.869106753812636,87.4238779956427,0.1841830065359477,88,39,2.821350762527233
CONT_003,2026-09-10 18:42:47.326566,Avocado,14.86,100.0,0.21,WARNING,2026-09-10,18,3,Thursday,4.859999999999999,NORMAL,CRITICAL,MEDIUM,5,HIGH,HIGH,11.193441734417345,19.75,-0.44,87.76967479674796,100.0,60.02,0.196910569105691,0.59,82,37,2.934959349593496,9.1291628959276,88.95671945701358,0.1947285067873303,71,53,2.9524886877828056
CONT_005,2026-09-10 18:43:19.995214,Mango,18.36,74.32,0.54,ANOMALY,2026-09-10,18,3,Thursday,8.36,WARNING,NORMAL,HIGH,5,HIGH,HIGH,11.204625668449196,20.93,-1.87,87.44355614973261,100.0,60.03,0.1879411764705882,0.59,62,40,2.8181818181818183,11.575468085106383,86.43734042553191,0.1932340425531915,97,51,2.6893617021276595
CONT_002,2026-09-10 18:43:42.045222,Banana,10.58,100.0,0.27,WARNING,2026-09-10,18,3,Thursday,0.5800000000000001,NORMAL,CRITICAL,MEDIUM,5,HIGH,HIGH,11.068997050147493,20.03,-1.92,88.139203539823,100.0,61.48,0.1880530973451327,0.6,65,35,2.8997050147492627,13.47314009661836,88.16468599033817,0.1929951690821256,96,41,3.1594202898550723
CONT_003,2026-09-10 18:44:08.457283,Mango,8.63,100.0,0.27,WARNING,2026-09-10,18,3,Thursday,1.3699999999999992,NORMAL,CRITICAL,MEDIUM,5,HIGH,HIGH,11.193441734417345,19.75,-0.44,87.76967479674796,100.0,60.02,0.196910569105691,0.59,82,37,2.934959349593496,11.575468085106383,86.43734042553191,0.1932340425531915,97,51,2.6893617021276595
CONT_003,2026-09-10 18:44:22.615638,Mango,8.0,100.0,0.32,WARNING,2026-09-10,18,3,Thursday,2.0,NORMAL,CRITICAL,MEDIUM,5,HIGH,HIGH,11.193441734417345,19.75,-0.44,87.76967479674796,100.0,60.02,0.196910569105691,0.59,82,37,2.934959349593496,11.575468085106383,86.43734042553191,0.1932340425531915,97,51,2.6893617021276595
CONT_004,2026-09-10 18:44:24.642073,Mango,17.5,100.0,0.58,ANOMALY,2026-09-10,18,3,Thursday,7.5,WARNING,CRITICAL,HIGH,7,CRITICAL,CRITICAL,11.374931129476584,20.55,-1.66,87.65203856749311,100.0,60.25,0.1907988980716253,0.59,81,36,2.9421487603305785,11.575468085106383,86.43734042553191,0.1932340425531915,97,51,2.6893617021276595
CONT_004,2026-09-10 18:44:30.655083,Banana,15.46,100.0,0.24,WARNING,2026-09-10,18,3,Thursday,5.460000000000001,WARNING,CRITICAL,MEDIUM,6,HIGH,HIGH,11.374931129476584,20.55,-1.66,87.65203856749311,100.0,60.25,0.1907988980716253,0.59,81,36,2.9421487603305785,13.47314009661836,88.16468599033817,0.1929951690821256,96,41,3.1594202898550723
CONT_003,2026-09-10 18:44:54.278363,Tomato,17.22,70.62,0.58,ANOMALY,2026-09-10,18,3,Thursday,7.219999999999999,WARNING,NORMAL,HIGH,5,HIGH,HIGH,11.193441734417345,19.75,-0.44,87.76967479674796,100.0,60.02,0.196910569105691,0.59,82,37,2.934959349593496,10.869106753812636,87.4238779956427,0.1841830065359477,88,39,2.821350762527233
CONT_005,2026-09-10 18:45:00.304457,Avocado,17.92,72.15,0.51,ANOMALY,2026-09-10,18,3,Thursday,7.920000000000002,WARNING,NORMAL,HIGH,5,HIGH,HIGH,11.204625668449196,20.93,-1.87,87.44355614973261,100.0,60.03,0.1879411764705882,0.59,62,40,2.8181818181818183,9.1291628959276,88.95671945701358,0.1947285067873303,71,53,2.9524886877828056
CONT_001,2026-09-10 18:45:35.667665,Mango,15.17,100.0,0.31,WARNING,2026-09-10,18,3,Thursday,5.17,WARNING,CRITICAL,MEDIUM,6,HIGH,HIGH,11.294,20.58,-1.98,87.60111764705883,100.0,60.11,0.1922647058823529,0.59,62,36,2.8941176470588235,11.575468085106383,86.43734042553191,0.1932340425531915,97,51,2.6893617021276595
CONT_005,2026-09-10 18:45:41.678119,Tomato,18.92,100.0,0.41,ANOMALY,2026-09-10,18,3,Thursday,8.920000000000002,WARNING,CRITICAL,HIGH,7,CRITICAL,CRITICAL,11.204625668449196,20.93,-1.87,87.44355614973261,100.0,60.03,0.1879411764705882,0.59,62,40,2.8181818181818183,10.869106753812636,87.4238779956427,0.1841830065359477,88,39,2.821350762527233
CONT_002,2026-09-10 18:45:43.680842,Avocado,-1.5,100.0,0.53,ANOMALY,2026-09-10,18,3,Thursday,11.5,LOW,CRITICAL,HIGH,5,HIGH,HIGH,11.068997050147493,20.03,-1.92,88.139203539823,100.0,61.48,0.1880530973451327,0.6,65,35,2.8997050147492627,9.1291628959276,88.95671945701358,0.1947285067873303,71,53,2.9524886877828056
CONT_005,2026-09-10 18:46:03.721891,Banana,11.51,100.0,0.33,WARNING,2026-09-10,18,3,Thursday,1.5099999999999998,NORMAL,CRITICAL,MEDIUM,5,HIGH,HIGH,11.204625668449196,20.93,-1.87,87.44355614973261,100.0,60.03,0.1879411764705882,0.59,62,40,2.8181818181818183,13.47314009661836,88.16468599033817,0.1929951690821256,96,41,3.1594202898550723
CONT_004,2026-09-10 18:46:11.754816,Avocado,18.67,100.0,0.42,ANOMALY,2026-09-10,18,3,Thursday,8.670000000000002,WARNING,CRITICAL,HIGH,7,CRITICAL,CRITICAL,11.374931129476584,20.55,-1.66,87.65203856749311,100.0,60.25,0.1907988980716253,0.59,81,36,2.9421487603305785,9.1291628959276,88.95671945701358,0.1947285067873303,71,53,2.9524886877828056
CONT_004,2026-09-10 18:46:15.761021,Avocado,15.43,100.0,0.29,WARNING,2026-09-10,18,3,Thursday,5.43,WARNING,CRITICAL,MEDIUM,6,HIGH,HIGH,11.374931129476584,20.55,-1.66,87.65203856749311,100.0,60.25,0.1907988980716253,0.59,81,36,2.9421487603305785,9.1291628959276,88.95671945701358,0.1947285067873303,71,53,2.9524886877828056
CONT_003,2026-09-10 18:46:55.896429,Mango,18.69,100.0,0.49,ANOMALY,2026-09-10,18,3,Thursday,8.690000000000001,WARNING,CRITICAL,HIGH,7,CRITICAL,CRITICAL,11.193441734417345,19.75,-0.44,87.76967479674796,100.0,60.02,0.196910569105691,0.59,82,37,2.934959349593496,11.575468085106383,86.43734042553191,0.1932340425531915,97,51,2.6893617021276595
CONT_004,2026-09-10 18:47:01.912822,Avocado,14.35,100.0,0.35,WARNING,2026-09-10,18,3,Thursday,4.35,NORMAL,CRITICAL,MEDIUM,5,HIGH,HIGH,11.374931129476584,20.55,-1.66,87.65203856749311,100.0,60.25,0.1907988980716253,0.59,81,36,2.9421487603305785,9.1291628959276,88.95671945701358,0.1947285067873303,71,53,2.9524886877828056
CONT_002,2026-09-10 18:47:11.992244,Banana,10.53,100.0,0.23,WARNING,2026-09-10,18,3,Thursday,0.5299999999999994,NORMAL,CRITICAL,MEDIUM,5,HIGH,HIGH,11.068997050147493,20.03,-1.92,88.139203539823,100.0,61.48,0.1880530973451327,0.6,65,35,2.8997050147492627,13.47314009661836,88.16468599033817,0.1929951690821256,96,41,3.1594202898550723
CONT_005,2026-09-10 18:47:30.958858,Tomato,14.34,100.0,0.26,WARNING,2026-09-10,18,3,Thursday,4.34,NORMAL,CRITICAL,MEDIUM,5,HIGH,HIGH,11.204625668449196,20.93,-1.87,87.44355614973261,100.0,60.03,0.1879411764705882,0.59,62,40,2.8181818181818183,10.869106753812636,87.4238779956427,0.1841830065359477,88,39,2.821350762527233
CONT_004,2026-09-10 18:47:42.995942,Tomato,7.5,100.0,0.26,WARNING,2026-09-10,18,3,Thursday,2.5,NORMAL,CRITICAL,MEDIUM,5,HIGH,HIGH,11.374931129476584,20.55,-1.66,87.65203856749311,100.0,60.25,0.1907988980716253,0.59,81,36,2.9421487603305785,10.869106753812636,87.4238779956427,0.1841830065359477,88,39,2.821350762527233
CONT_003,2026-09-10 18:47:51.293754,Tomato,13.86,100.0,0.22,WARNING,2026-09-10,18,3,Thursday,3.86,NORMAL,CRITICAL,MEDIUM,5,HIGH,HIGH,11.193441734417345,19.75,-0.44,87.76967479674796,100.0,60.02,0.196910569105691,0.59,82,37,2.934959349593496,10.869106753812636,87.4238779956427,0.1841830065359477,88,39,2.821350762527233
CONT_002,2026-09-10 18:47:55.362753,Mango,8.98,100.0,0.31,WARNING,2026-09-10,18,3,Thursday,1.0199999999999996,NORMAL,CRITICAL,MEDIUM,5,HIGH,HIGH,11.068997050147493,20.03,-1.92,88.139203539823,100.0,61.48,0.1880530973451327,0.6,65,35,2.8997050147492627,11.575468085106383,86.43734042553191,0.1932340425531915,97,51,2.6893617021276595
CONT_005,2026-09-10 18:48:05.392968,Avocado,14.63,100.0,0.33,WARNING,2026-09-10,18,3,Thursday,4.630000000000001,NORMAL,CRITICAL,MEDIUM,5,HIGH,HIGH,11.204625668449196,20.93,-1.87,87.44355614973261,100.0,60.03,0.1879411764705882,0.59,62,40,2.8181818181818183,9.1291628959276,88.95671945701358,0.1947285067873303,71,53,2.9524886877828056
CONT_004,2026-09-10 18:48:23.573976,Avocado,18.0,100.0,0.48,ANOMALY,2026-09-10,18,3,Thursday,8.0,WARNING,CRITICAL,HIGH,7,CRITICAL,CRITICAL,11.374931129476584,20.55,-1.66,87.65203856749311,100.0,60.25,0.1907988980716253,0.59,81,36,2.9421487603305785,9.1291628959276,88.95671945701358,0.1947285067873303,71,53,2.9524886877828056
CONT_004,2026-09-10 18:48:39.905921,Tomato,7.61,100.0,0.26,WARNING,2026-09-10,18,3,Thursday,2.39,NORMAL,CRITICAL,MEDIUM,5,HIGH,HIGH,11.374931129476584,20.55,-1.66,87.65203856749311,100.0,60.25,0.1907988980716253,0.59,81,36,2.9421487603305785,10.869106753812636,87.4238779956427,0.1841830065359477,88,39,2.821350762527233
CONT_003,2026-09-10 18:48:52.129412,Banana,7.71,100.0,0.46,ANOMALY,2026-09-10,18,3,Thursday,2.29,NORMAL,CRITICAL,HIGH,6,HIGH,HIGH,11.193441734417345,19.75,-0.44,87.76967479674796,100.0,60.02,0.196910569105691,0.59,82,37,2.934959349593496,13.47314009661836,88.16468599033817,0.1929951690821256,96,41,3.1594202898550723
CONT_005,2026-09-10 18:48:54.210937,Banana,9.37,100.0,0.48,ANOMALY,2026-09-10,18,3,Thursday,0.6300000000000008,NORMAL,CRITICAL,HIGH,6,HIGH,HIGH,11.204625668449196,20.93,-1.87,87.44355614973261,100.0,60.03,0.1879411764705882,0.59,62,40,2.8181818181818183,13.47314009661836,88.16468599033817,0.1929951690821256,96,41,3.1594202898550723
CONT_004,2026-09-10 18:49:02.306012,Avocado,16.45,100.0,0.36,ANOMALY,2026-09-10,18,3,Thursday,6.449999999999999,WARNING,CRITICAL,MEDIUM,6,HIGH,HIGH,11.374931129476584,20.55,-1.66,87.65203856749311,100.0,60.25,0.1907988980716253,0.59,81,36,2.9421487603305785,9.1291628959276,88.95671945701358,0.1947285067873303,71,53,2.9524886877828056
CONT_005,2026-09-10 18:49:08.317657,Banana,8.79,100.0,0.41,ANOMALY,2026-09-10,18,3,Thursday,1.2100000000000009,NORMAL,CRITICAL,HIGH,6,HIGH,HIGH,11.204625668449196,20.93,-1.87,87.44355614973261,100.0,60.03,0.1879411764705882,0.59,62,40,2.8181818181818183,13.47314009661836,88.16468599033817,0.1929951690821256,96,41,3.1594202898550723
CONT_002,2026-09-10 18:49:10.322195,Avocado,0.2,100.0,0.46,ANOMALY,2026-09-10,18,3,Thursday,9.8,LOW,CRITICAL,HIGH,5,HIGH,HIGH,11.068997050147493,20.03,-1.92,88.139203539823,100.0,61.48,0.1880530973451327,0.6,65,35,2.8997050147492627,9.1291628959276,88.95671945701358,0.1947285067873303,71,53,2.9524886877828056
CONT_003,2026-09-10 18:49:32.434990,Banana,19.75,100.0,0.37,ANOMALY,2026-09-10,18,3,Thursday,9.75,WARNING,CRITICAL,MEDIUM,6,HIGH,HIGH,11.193441734417345,19.75,-0.44,87.76967479674796,100.0,60.02,0.196910569105691,0.59,82,37,2.934959349593496,13.47314009661836,88.16468599033817,0.1929951690821256,96,41,3.1594202898550723
CONT_001,2026-09-10 18:49:34.437644,Avocado,18.61,100.0,0.37,ANOMALY,2026-09-10,18,3,Thursday,8.61,WARNING,CRITICAL,MEDIUM,6,HIGH,HIGH,11.294,20.58,-1.98,87.60111764705883,100.0,60.11,0.1922647058823529,0.59,62,36,2.8941176470588235,9.1291628959276,88.95671945701358,0.1947285067873303,71,53,2.9524886877828056
CONT_004,2026-09-10 18:49:50.476274,Avocado,14.54,100.0,0.34,WARNING,2026-09-10,18,3,Thursday,4.539999999999999,NORMAL,CRITICAL,MEDIUM,5,HIGH,HIGH,11.374931129476584,20.55,-1.66,87.65203856749311,100.0,60.25,0.1907988980716253,0.59,81,36,2.9421487603305785,9.1291628959276,88.95671945701358,0.1947285067873303,71,53,2.9524886877828056
CONT_003,2026-09-10 18:49:54.481918,Tomato,13.1,100.0,0.24,WARNING,2026-09-10,18,3,Thursday,3.1,NORMAL,CRITICAL,MEDIUM,5,HIGH,HIGH,11.193441734417345,19.75,-0.44,87.76967479674796,100.0,60.02,0.196910569105691,0.59,82,37,2.934959349593496,10.869106753812636,87.4238779956427,0.1841830065359477,88,39,2.821350762527233
CONT_002,2026-09-10 18:49:56.485419,Tomato,7.79,100.0,0.32,WARNING,2026-09-10,18,3,Thursday,2.21,NORMAL,CRITICAL,MEDIUM,5,HIGH,HIGH,11.068997050147493,20.03,-1.92,88.139203539823,100.0,61.48,0.1880530973451327,0.6,65,35,2.8997050147492627,10.869106753812636,87.4238779956427,0.1841830065359477,88,39,2.821350762527233
CONT_004,2026-09-10 18:50:04.508603,Mango,4.81,100.0,0.55,ANOMALY,2026-09-10,18,3,Thursday,5.19,LOW,CRITICAL,HIGH,5,HIGH,HIGH,11.374931129476584,20.55,-1.66,87.65203856749311,100.0,60.25,0.1907988980716253,0.59,81,36,2.9421487603305785,11.575468085106383,86.43734042553191,0.1932340425531915,97,51,2.6893617021276595
CONT_002,2026-09-10 18:50:48.621526,Mango,18.18,100.0,0.51,ANOMALY,2026-09-10,18,3,Thursday,8.18,WARNING,CRITICAL,HIGH,7,CRITICAL,CRITICAL,11.068997050147493,20.03,-1.92,88.139203539823,100.0,61.48,0.1880530973451327,0.6,65,35,2.8997050147492627,11.575468085106383,86.43734042553191,0.1932340425531915,97,51,2.6893617021276595
CONT_003,2026-09-10 18:50:52.627595,Avocado,1.17,100.0,0.5,ANOMALY,2026-09-10,18,3,Thursday,8.83,LOW,CRITICAL,HIGH,5,HIGH,HIGH,11.193441734417345,19.75,-0.44,87.76967479674796,100.0,60.02,0.196910569105691,0.59,82,37,2.934959349593496,9.1291628959276,88.95671945701358,0.1947285067873303,71,53,2.9524886877828056
CONT_003,2026-09-10 18:51:20.687344,Tomato,13.85,100.0,0.27,WARNING,2026-09-10,18,3,Thursday,3.85,NORMAL,CRITICAL,MEDIUM,5,HIGH,HIGH,11.193441734417345,19.75,-0.44,87.76967479674796,100.0,60.02,0.196910569105691,0.59,82,37,2.934959349593496,10.869106753812636,87.4238779956427,0.1841830065359477,88,39,2.821350762527233
CONT_005,2026-09-10 18:51:38.722723,Mango,14.99,100.0,0.29,WARNING,2026-09-10,18,3,Thursday,4.99,NORMAL,CRITICAL,MEDIUM,5,HIGH,HIGH,11.204625668449196,20.93,-1.87,87.44355614973261,100.0,60.03,0.1879411764705882,0.59,62,40,2.8181818181818183,11.575468085106383,86.43734042553191,0.1932340425531915,97,51,2.6893617021276595
CONT_001,2026-09-10 18:53:33.129717,Mango,7.43,100.0,0.27,WARNING,2026-09-10,18,3,Thursday,2.5700000000000003,NORMAL,CRITICAL,MEDIUM,5,HIGH,HIGH,11.294,20.58,-1.98,87.60111764705883,100.0,60.11,0.1922647058823529,0.59,62,36,2.8941176470588235,11.575468085106383,86.43734042553191,0.1932340425531915,97,51,2.6893617021276595
CONT_004,2026-09-10 18:53:37.135688,Avocado,19.37,70.79,0.47,ANOMALY,2026-09-10,18,3,Thursday,9.37,WARNING,NORMAL,HIGH,5,HIGH,HIGH,11.374931129476584,20.55,-1.66,87.65203856749311,100.0,60.25,0.1907988980716253,0.59,81,36,2.9421487603305785,9.1291628959276,88.95671945701358,0.1947285067873303,71,53,2.9524886877828056
CONT_003,2026-09-10 18:53:59.187633,Avocado,16.15,100.0,0.54,ANOMALY,2026-09-10,18,3,Thursday,6.149999999999999,WARNING,CRITICAL,HIGH,7,CRITICAL,CRITICAL,11.193441734417345,19.75,-0.44,87.76967479674796,100.0,60.02,0.196910569105691,0.59,82,37,2.934959349593496,9.1291628959276,88.95671945701358,0.1947285067873303,71,53,2.9524886877828056
CONT_003,2026-09-10 18:54:13.435836,Tomato,8.18,100.0,0.21,WARNING,2026-09-10,18,3,Thursday,1.8200000000000005,NORMAL,CRITICAL,MEDIUM,5,HIGH,HIGH,11.193441734417345,19.75,-0.44,87.76967479674796,100.0,60.02,0.196910569105691,0.59,82,37,2.934959349593496,10.869106753812636,87.4238779956427,0.1841830065359477,88,39,2.821350762527233
CONT_004,2026-09-10 18:55:01.888724,Mango,14.7,100.0,0.26,WARNING,2026-09-10,18,3,Thursday,4.699999999999999,NORMAL,CRITICAL,MEDIUM,5,HIGH,HIGH,11.374931129476584,20.55,-1.66,87.65203856749311,100.0,60.25,0.1907988980716253,0.59,81,36,2.9421487603305785,11.575468085106383,86.43734042553191,0.1932340425531915,97,51,2.6893617021276595
CONT_004,2026-09-10 18:55:15.926537,Mango,14.94,100.0,0.26,WARNING,2026-09-10,18,3,Thursday,4.94,NORMAL,CRITICAL,MEDIUM,5,HIGH,HIGH,11.374931129476584,20.55,-1.66,87.65203856749311,100.0,60.25,0.1907988980716253,0.59,81,36,2.9421487603305785,11.575468085106383,86.43734042553191,0.1932340425531915,97,51,2.6893617021276595
CONT_003,2026-09-10 18:55:19.932478,Mango,19.42,74.31,0.42,ANOMALY,2026-09-10,18,3,Thursday,9.420000000000002,WARNING,NORMAL,HIGH,5,HIGH,HIGH,11.193441734417345,19.75,-0.44,87.76967479674796,100.0,60.02,0.196910569105691,0.59,82,37,2.934959349593496,11.575468085106383,86.43734042553191,0.1932340425531915,97,51,2.6893617021276595
CONT_005,2026-09-10 18:55:41.459161,Banana,10.46,100.0,0.3,WARNING,2026-09-10,18,3,Thursday,0.4600000000000008,NORMAL,CRITICAL,MEDIUM,5,HIGH,HIGH,11.204625668449196,20.93,-1.87,87.44355614973261,100.0,60.03,0.1879411764705882,0.59,62,40,2.8181818181818183,13.47314009661836,88.16468599033817,0.1929951690821256,96,41,3.1594202898550723
CONT_004,2026-09-10 18:55:51.478678,Tomato,7.11,100.0,0.31,WARNING,2026-09-10,18,3,Thursday,2.89,NORMAL,CRITICAL,MEDIUM,5,HIGH,HIGH,11.374931129476584,20.55,-1.66,87.65203856749311,100.0,60.25,0.1907988980716253,0.59,81,36,2.9421487603305785,10.869106753812636,87.4238779956427,0.1841830065359477,88,39,2.821350762527233
CONT_004,2026-09-10 18:56:09.513851,Avocado,-1.33,100.0,0.49,ANOMALY,2026-09-10,18,3,Thursday,11.33,LOW,CRITICAL,HIGH,5,HIGH,HIGH,11.374931129476584,20.55,-1.66,87.65203856749311,100.0,60.25,0.1907988980716253,0.59,81,36,2.9421487603305785,9.1291628959276,88.95671945701358,0.1947285067873303,71,53,2.9524886877828056
CONT_004,2026-09-10 18:56:21.539305,Avocado,0.03,100.0,0.53,ANOMALY,2026-09-10,18,3,Thursday,9.97,LOW,CRITICAL,HIGH,5,HIGH,HIGH,11.374931129476584,20.55,-1.66,87.65203856749311,100.0,60.25,0.1907988980716253,0.59,81,36,2.9421487603305785,9.1291628959276,88.95671945701358,0.1947285067873303,71,53,2.9524886877828056
CONT_001,2026-09-10 18:56:29.561503,Banana,19.31,100.0,0.39,ANOMALY,2026-09-10,18,3,Thursday,9.31,WARNING,CRITICAL,MEDIUM,6,HIGH,HIGH,11.294,20.58,-1.98,87.60111764705883,100.0,60.11,0.1922647058823529,0.59,62,36,2.8941176470588235,13.47314009661836,88.16468599033817,0.1929951690821256,96,41,3.1594202898550723
CONT_002,2026-09-10 18:56:41.687433,Tomato,13.95,100.0,0.33,WARNING,2026-09-10,18,3,Thursday,3.9499999999999993,NORMAL,CRITICAL,MEDIUM,5,HIGH,HIGH,11.068997050147493,20.03,-1.92,88.139203539823,100.0,61.48,0.1880530973451327,0.6,65,35,2.8997050147492627,10.869106753812636,87.4238779956427,0.1841830065359477,88,39,2.821350762527233
CONT_003,2026-09-10 18:56:45.726664,Avocado,0.72,100.0,0.45,ANOMALY,2026-09-10,18,3,Thursday,9.28,LOW,CRITICAL,HIGH,5,HIGH,HIGH,11.193441734417345,19.75,-0.44,87.76967479674796,100.0,60.02,0.196910569105691,0.59,82,37,2.934959349593496,9.1291628959276,88.95671945701358,0.1947285067873303,71,53,2.9524886877828056
CONT_004,2026-09-10 18:57:15.032181,Mango,8.68,100.0,0.29,WARNING,2026-09-10,18,3,Thursday,1.3200000000000005,NORMAL,CRITICAL,MEDIUM,5,HIGH,HIGH,11.374931129476584,20.55,-1.66,87.65203856749311,100.0,60.25,0.1907988980716253,0.59,81,36,2.9421487603305785,11.575468085106383,86.43734042553191,0.1932340425531915,97,51,2.6893617021276595
CONT_002,2026-09-10 18:57:17.037062,Mango,18.14,100.0,0.59,ANOMALY,2026-09-10,18,3,Thursday,8.14,WARNING,CRITICAL,HIGH,7,CRITICAL,CRITICAL,11.068997050147493,20.03,-1.92,88.139203539823,100.0,61.48,0.1880530973451327,0.6,65,35,2.8997050147492627,11.575468085106383,86.43734042553191,0.1932340425531915,97,51,2.6893617021276595
CONT_003,2026-09-10 18:57:21.046299,Mango,8.36,100.0,0.31,WARNING,2026-09-10,18,3,Thursday,1.6400000000000006,NORMAL,CRITICAL,MEDIUM,5,HIGH,HIGH,11.193441734417345,19.75,-0.44,87.76967479674796,100.0,60.02,0.196910569105691,0.59,82,37,2.934959349593496,11.575468085106383,86.43734042553191,0.1932340425531915,97,51,2.6893617021276595
CONT_003,2026-09-10 18:57:31.069012,Mango,15.52,100.0,0.35,WARNING,2026-09-10,18,3,Thursday,5.52,WARNING,CRITICAL,MEDIUM,6,HIGH,HIGH,11.193441734417345,19.75,-0.44,87.76967479674796,100.0,60.02,0.196910569105691,0.59,82,37,2.934959349593496,11.575468085106383,86.43734042553191,0.1932340425531915,97,51,2.6893617021276595
CONT_002,2026-09-10 18:57:37.385909,Mango,18.94,74.26,0.41,ANOMALY,2026-09-10,18,3,Thursday,8.940000000000001,WARNING,NORMAL,HIGH,5,HIGH,HIGH,11.068997050147493,20.03,-1.92,88.139203539823,100.0,61.48,0.1880530973451327,0.6,65,35,2.8997050147492627,11.575468085106383,86.43734042553191,0.1932340425531915,97,51,2.6893617021276595
CONT_005,2026-09-10 18:57:58.154967,Banana,8.72,100.0,0.53,ANOMALY,2026-09-10,18,3,Thursday,1.2799999999999994,NORMAL,CRITICAL,HIGH,6,HIGH,HIGH,11.204625668449196,20.93,-1.87,87.44355614973261,100.0,60.03,0.1879411764705882,0.59,62,40,2.8181818181818183,13.47314009661836,88.16468599033817,0.1929951690821256,96,41,3.1594202898550723
CONT_004,2026-09-10 18:58:04.195966,Mango,8.76,100.0,0.35,WARNING,2026-09-10,18,3,Thursday,1.2400000000000002,NORMAL,CRITICAL,MEDIUM,5,HIGH,HIGH,11.374931129476584,20.55,-1.66,87.65203856749311,100.0,60.25,0.1907988980716253,0.59,81,36,2.9421487603305785,11.575468085106383,86.43734042553191,0.1932340425531915,97,51,2.6893617021276595
CONT_004,2026-09-10 18:58:08.528933,Tomato,13.62,100.0,0.28,WARNING,2026-09-10,18,3,Thursday,3.619999999999999,NORMAL,CRITICAL,MEDIUM,5,HIGH,HIGH,11.374931129476584,20.55,-1.66,87.65203856749311,100.0,60.25,0.1907988980716253,0.59,81,36,2.9421487603305785,10.869106753812636,87.4238779956427,0.1841830065359477,88,39,2.821350762527233
CONT_004,2026-09-10 18:58:32.308049,Banana,10.41,100.0,0.28,WARNING,2026-09-10,18,3,Thursday,0.4100000000000001,NORMAL,CRITICAL,MEDIUM,5,HIGH,HIGH,11.374931129476584,20.55,-1.66,87.65203856749311,100.0,60.25,0.1907988980716253,0.59,81,36,2.9421487603305785,13.47314009661836,88.16468599033817,0.1929951690821256,96,41,3.1594202898550723
CONT_003,2026-09-10 18:58:40.325570,Avocado,17.95,100.0,0.49,ANOMALY,2026-09-10,18,3,Thursday,7.949999999999999,WARNING,CRITICAL,HIGH,7,CRITICAL,CRITICAL,11.193441734417345,19.75,-0.44,87.76967479674796,100.0,60.02,0.196910569105691,0.59,82,37,2.934959349593496,9.1291628959276,88.95671945701358,0.1947285067873303,71,53,2.9524886877828056
CONT_004,2026-09-10 18:58:47.365356,Tomato,17.34,73.13,0.51,ANOMALY,2026-09-10,18,3,Thursday,7.34,WARNING,NORMAL,HIGH,5,HIGH,HIGH,11.374931129476584,20.55,-1.66,87.65203856749311,100.0,60.25,0.1907988980716253,0.59,81,36,2.9421487603305785,10.869106753812636,87.4238779956427,0.1841830065359477,88,39,2.821350762527233
CONT_005,2026-09-10 18:58:54.309262,Banana,15.28,100.0,0.26,WARNING,2026-09-10,18,3,Thursday,5.279999999999999,WARNING,CRITICAL,MEDIUM,6,HIGH,HIGH,11.204625668449196,20.93,-1.87,87.44355614973261,100.0,60.03,0.1879411764705882,0.59,62,40,2.8181818181818183,13.47314009661836,88.16468599033817,0.1929951690821256,96,41,3.1594202898550723
CONT_003,2026-09-10 18:58:58.916133,Banana,10.96,100.0,0.23,WARNING,2026-09-10,18,3,Thursday,0.9600000000000009,NORMAL,CRITICAL,MEDIUM,5,HIGH,HIGH,11.193441734417345,19.75,-0.44,87.76967479674796,100.0,60.02,0.196910569105691,0.59,82,37,2.934959349593496,13.47314009661836,88.16468599033817,0.1929951690821256,96,41,3.1594202898550723
CONT_003,2026-09-10 18:59:13.083046,Banana,10.43,100.0,0.35,WARNING,2026-09-10,18,3,Thursday,0.4299999999999997,NORMAL,CRITICAL,MEDIUM,5,HIGH,HIGH,11.193441734417345,19.75,-0.44,87.76967479674796,100.0,60.02,0.196910569105691,0.59,82,37,2.934959349593496,13.47314009661836,88.16468599033817,0.1929951690821256,96,41,3.1594202898550723
CONT_004,2026-09-10 18:59:27.106075,Mango,15.89,100.0,0.24,WARNING,2026-09-10,18,3,Thursday,5.890000000000001,WARNING,CRITICAL,MEDIUM,6,HIGH,HIGH,11.374931129476584,20.55,-1.66,87.65203856749311,100.0,60.25,0.1907988980716253,0.59,81,36,2.9421487603305785,11.575468085106383,86.43734042553191,0.1932340425531915,97,51,2.6893617021276595
CONT_002,2026-09-10 19:00:09.523995,Mango,14.67,100.0,0.35,WARNING,2026-09-10,19,3,Thursday,4.67,NORMAL,CRITICAL,MEDIUM,5,HIGH,HIGH,11.068997050147493,20.03,-1.92,88.139203539823,100.0,61.48,0.1880530973451327,0.6,65,35,2.8997050147492627,11.575468085106383,86.43734042553191,0.1932340425531915,97,51,2.6893617021276595
CONT_003,2026-09-10 19:00:54.172083,Avocado,16.59,100.0,0.57,ANOMALY,2026-09-10,19,3,Thursday,6.59,WARNING,CRITICAL,HIGH,7,CRITICAL,CRITICAL,11.193441734417345,19.75,-0.44,87.76967479674796,100.0,60.02,0.196910569105691,0.59,82,37,2.934959349593496,9.1291628959276,88.95671945701358,0.1947285067873303,71,53,2.9524886877828056
CONT_003,2026-09-10 19:01:09.224346,Tomato,7.49,100.0,0.24,WARNING,2026-09-10,19,3,Thursday,2.51,NORMAL,CRITICAL,MEDIUM,5,HIGH,HIGH,11.193441734417345,19.75,-0.44,87.76967479674796,100.0,60.02,0.196910569105691,0.59,82,37,2.934959349593496,10.869106753812636,87.4238779956427,0.1841830065359477,88,39,2.821350762527233
CONT_004,2026-09-10 19:01:11.593047,Banana,8.61,100.0,0.56,ANOMALY,2026-09-10,19,3,Thursday,1.3900000000000006,NORMAL,CRITICAL,HIGH,6,HIGH,HIGH,11.374931129476584,20.55,-1.66,87.65203856749311,100.0,60.25,0.1907988980716253,0.59,81,36,2.9421487603305785,13.47314009661836,88.16468599033817,0.1929951690821256,96,41,3.1594202898550723
CONT_002,2026-09-10 19:01:20.155418,Mango,14.47,100.0,0.3,WARNING,2026-09-10,19,3,Thursday,4.470000000000001,NORMAL,CRITICAL,MEDIUM,5,HIGH,HIGH,11.068997050147493,20.03,-1.92,88.139203539823,100.0,61.48,0.1880530973451327,0.6,65,35,2.8997050147492627,11.575468085106383,86.43734042553191,0.1932340425531915,97,51,2.6893617021276595
CONT_002,2026-09-10 19:01:39.602531,Banana,15.72,100.0,0.27,WARNING,2026-09-10,19,3,Thursday,5.720000000000001,WARNING,CRITICAL,MEDIUM,6,HIGH,HIGH,11.068997050147493,20.03,-1.92,88.139203539823,100.0,61.48,0.1880530973451327,0.6,65,35,2.8997050147492627,13.47314009661836,88.16468599033817,0.1929951690821256,96,41,3.1594202898550723
CONT_004,2026-09-10 19:01:51.757058,Mango,3.09,100.0,0.51,ANOMALY,2026-09-10,19,3,Thursday,6.91,LOW,CRITICAL,HIGH,5,HIGH,HIGH,11.374931129476584,20.55,-1.66,87.65203856749311,100.0,60.25,0.1907988980716253,0.59,81,36,2.9421487603305785,11.575468085106383,86.43734042553191,0.1932340425531915,97,51,2.6893617021276595
CONT_005,2026-09-10 19:02:03.788029,Mango,17.33,100.0,0.54,ANOMALY,2026-09-10,19,3,Thursday,7.329999999999998,WARNING,CRITICAL,HIGH,7,CRITICAL,CRITICAL,11.204625668449196,20.93,-1.87,87.44355614973261,100.0,60.03,0.1879411764705882,0.59,62,40,2.8181818181818183,11.575468085106383,86.43734042553191,0.1932340425531915,97,51,2.6893617021276595
CONT_001,2026-09-10 19:02:20.095448,Mango,6.62,100.0,0.42,ANOMALY,2026-09-10,19,3,Thursday,3.38,NORMAL,CRITICAL,HIGH,6,HIGH,HIGH,11.294,20.58,-1.98,87.60111764705883,100.0,60.11,0.1922647058823529,0.59,62,36,2.8941176470588235,11.575468085106383,86.43734042553191,0.1932340425531915,97,51,2.6893617021276595
CONT_005,2026-09-10 19:02:24.114671,Avocado,-0.36,100.0,0.49,ANOMALY,2026-09-10,19,3,Thursday,10.36,LOW,CRITICAL,HIGH,5,HIGH,HIGH,11.204625668449196,20.93,-1.87,87.44355614973261,100.0,60.03,0.1879411764705882,0.59,62,40,2.8181818181818183,9.1291628959276,88.95671945701358,0.1947285067873303,71,53,2.9524886877828056
CONT_004,2026-09-10 19:02:26.123364,Tomato,13.28,100.0,0.23,WARNING,2026-09-10,19,3,Thursday,3.28,NORMAL,CRITICAL,MEDIUM,5,HIGH,HIGH,11.374931129476584,20.55,-1.66,87.65203856749311,100.0,60.25,0.1907988980716253,0.59,81,36,2.9421487603305785,10.869106753812636,87.4238779956427,0.1841830065359477,88,39,2.821350762527233
CONT_004,2026-09-10 19:02:28.173094,Tomato,7.33,100.0,0.33,WARNING,2026-09-10,19,3,Thursday,2.67,NORMAL,CRITICAL,MEDIUM,5,HIGH,HIGH,11.374931129476584,20.55,-1.66,87.65203856749311,100.0,60.25,0.1907988980716253,0.59,81,36,2.9421487603305785,10.869106753812636,87.4238779956427,0.1841830065359477,88,39,2.821350762527233
CONT_004,2026-09-10 19:02:34.412375,Banana,10.74,100.0,0.26,WARNING,2026-09-10,19,3,Thursday,0.7400000000000002,NORMAL,CRITICAL,MEDIUM,5,HIGH,HIGH,11.374931129476584,20.55,-1.66,87.65203856749311,100.0,60.25,0.1907988980716253,0.59,81,36,2.9421487603305785,13.47314009661836,88.16468599033817,0.1929951690821256,96,41,3.1594202898550723
CONT_002,2026-09-10 19:02:54.827653,Avocado,-0.46,100.0,0.56,ANOMALY,2026-09-10,19,3,Thursday,10.46,LOW,CRITICAL,HIGH,5,HIGH,HIGH,11.068997050147493,20.03,-1.92,88.139203539823,100.0,61.48,0.1880530973451327,0.6,65,35,2.8997050147492627,9.1291628959276,88.95671945701358,0.1947285067873303,71,53,2.9524886877828056
CONT_005,2026-09-10 19:03:10.869849,Banana,20.45,68.21,0.49,ANOMALY,2026-09-10,19,3,Thursday,10.45,CRITICAL,LOW,HIGH,5,HIGH,HIGH,11.204625668449196,20.93,-1.87,87.44355614973261,100.0,60.03,0.1879411764705882,0.59,62,40,2.8181818181818183,13.47314009661836,88.16468599033817,0.1929951690821256,96,41,3.1594202898550723
CONT_003,2026-09-10 19:03:12.954308,Mango,14.6,100.0,0.35,WARNING,2026-09-10,19,3,Thursday,4.6,NORMAL,CRITICAL,MEDIUM,5,HIGH,HIGH,11.193441734417345,19.75,-0.44,87.76967479674796,100.0,60.02,0.196910569105691,0.59,82,37,2.934959349593496,11.575468085106383,86.43734042553191,0.1932340425531915,97,51,2.6893617021276595
CONT_001,2026-09-10 19:03:15.067208,Tomato,16.52,70.8,0.52,ANOMALY,2026-09-10,19,3,Thursday,6.52,WARNING,NORMAL,HIGH,5,HIGH,HIGH,11.294,20.58,-1.98,87.60111764705883,100.0,60.11,0.1922647058823529,0.59,62,36,2.8941176470588235,10.869106753812636,87.4238779956427,0.1841830065359477,88,39,2.821350762527233
CONT_005,2026-09-10 19:03:37.680044,Avocado,14.82,100.0,0.32,WARNING,2026-09-10,19,3,Thursday,4.82,NORMAL,CRITICAL,MEDIUM,5,HIGH,HIGH,11.204625668449196,20.93,-1.87,87.44355614973261,100.0,60.03,0.1879411764705882,0.59,62,40,2.8181818181818183,9.1291628959276,88.95671945701358,0.1947285067873303,71,53,2.9524886877828056
CONT_005,2026-09-10 19:03:43.874639,Avocado,16.36,100.0,0.51,ANOMALY,2026-09-10,19,3,Thursday,6.359999999999999,WARNING,CRITICAL,HIGH,7,CRITICAL,CRITICAL,11.204625668449196,20.93,-1.87,87.44355614973261,100.0,60.03,0.1879411764705882,0.59,62,40,2.8181818181818183,9.1291628959276,88.95671945701358,0.1947285067873303,71,53,2.9524886877828056
CONT_003,2026-09-10 19:03:47.994432,Banana,15.49,100.0,0.2,WARNING,2026-09-10,19,3,Thursday,5.49,WARNING,CRITICAL,LOW,5,HIGH,HIGH,11.193441734417345,19.75,-0.44,87.76967479674796,100.0,60.02,0.196910569105691,0.59,82,37,2.934959349593496,13.47314009661836,88.16468599033817,0.1929951690821256,96,41,3.1594202898550723
CONT_005,2026-09-10 19:03:50.009053,Avocado,14.76,100.0,0.32,WARNING,2026-09-10,19,3,Thursday,4.76,NORMAL,CRITICAL,MEDIUM,5,HIGH,HIGH,11.204625668449196,20.93,-1.87,87.44355614973261,100.0,60.03,0.1879411764705882,0.59,62,40,2.8181818181818183,9.1291628959276,88.95671945701358,0.1947285067873303,71,53,2.9524886877828056
CONT_005,2026-09-10 19:03:56.540912,Mango,14.17,100.0,0.25,WARNING,2026-09-10,19,3,Thursday,4.17,NORMAL,CRITICAL,MEDIUM,5,HIGH,HIGH,11.204625668449196,20.93,-1.87,87.44355614973261,100.0,60.03,0.1879411764705882,0.59,62,40,2.8181818181818183,11.575468085106383,86.43734042553191,0.1932340425531915,97,51,2.6893617021276595
CONT_004,2026-09-10 19:04:04.944563,Mango,7.53,100.0,0.29,WARNING,2026-09-10,19,3,Thursday,2.47,NORMAL,CRITICAL,MEDIUM,5,HIGH,HIGH,11.374931129476584,20.55,-1.66,87.65203856749311,100.0,60.25,0.1907988980716253,0.59,81,36,2.9421487603305785,11.575468085106383,86.43734042553191,0.1932340425531915,97,51,2.6893617021276595
CONT_003,2026-09-10 19:04:12.958314,Banana,10.1,100.0,0.31,WARNING,2026-09-10,19,3,Thursday,0.0999999999999996,NORMAL,CRITICAL,MEDIUM,5,HIGH,HIGH,11.193441734417345,19.75,-0.44,87.76967479674796,100.0,60.02,0.196910569105691,0.59,82,37,2.934959349593496,13.47314009661836,88.16468599033817,0.1929951690821256,96,41,3.1594202898550723
CONT_002,2026-09-10 19:04:18.972775,Banana,18.88,100.0,0.57,ANOMALY,2026-09-10,19,3,Thursday,8.879999999999999,WARNING,CRITICAL,HIGH,7,CRITICAL,CRITICAL,11.068997050147493,20.03,-1.92,88.139203539823,100.0,61.48,0.1880530973451327,0.6,65,35,2.8997050147492627,13.47314009661836,88.16468599033817,0.1929951690821256,96,41,3.1594202898550723
CONT_003,2026-09-10 19:04:35.007122,Mango,8.32,100.0,0.24,WARNING,2026-09-10,19,3,Thursday,1.6799999999999995,NORMAL,CRITICAL,MEDIUM,5,HIGH,HIGH,11.193441734417345,19.75,-0.44,87.76967479674796,100.0,60.02,0.196910569105691,0.59,82,37,2.934959349593496,11.575468085106383,86.43734042553191,0.1932340425531915,97,51,2.6893617021276595
