container_id,timestamp,commodity,temperature,humidity,vibration,condition,date,hour,minute,temperature_min,temperature_max,humidity_min,humidity_max,temperature_deviation,humidity_deviation,temperature_risk_score,humidity_risk_score,vibration_risk_score,microclimate_risk_score,microclimate_risk,temperature_excursion,humidity_excursion,vibration_anomaly
CONT_001,2026-09-10 17:39:32.831215,Avocado,3.94,71.79,0.29,WARNING,2026-09-10,17,39,5.0,13.0,85.0,95.0,1.06,13.21,0.21200000000000002,0.6605000000000001,0.22499999999999992,37.22,Medium,True,True,False
CONT_004,2026-09-10 17:39:34.852445,Mango,11.72,88.98,0.12,NORMAL,2026-09-10,17,39,10.0,13.0,85.0,90.0,0.0,0.0,0.0,0.0,0.0,0.0,Low,False,False,False
CONT_005,2026-09-10 17:39:36.870612,Tomato,10.18,91.05,0.15,NORMAL,2026-09-10,17,39,10.0,12.0,85.0,95.0,0.0,0.0,0.0,0.0,0.0,0.0,Low,False,False,False
CONT_005,2026-09-10 17:39:38.890192,Avocado,6.54,85.3,0.17,NORMAL,2026-09-10,17,39,5.0,13.0,85.0,95.0,0.0,0.0,0.0,0.0,0.0,0.0,Low,False,False,False
CONT_005,2026-09-10 17:39:40.899424,Tomato,14.06,100.0,0.33,WARNING,2026-09-10,17,39,10.0,12.0,85.0,95.0,2.06,5.0,0.41200000000000003,0.25,0.325,33.36,Medium,True,True,False
CONT_003,2026-09-10 17:39:42.903120,Mango,11.11,85.66,0.15,NORMAL,2026-09-10,17,39,10.0,13.0,85.0,90.0,0.0,0.0,0.0,0.0,0.0,0.0,Low,False,False,False
CONT_001,2026-09-10 17:39:44.905786,Mango,11.44,86.78,0.15,NORMAL,2026-09-10,17,39,10.0,13.0,85.0,90.0,0.0,0.0,0.0,0.0,0.0,0.0,Low,False,False,False
CONT_002,2026-09-10 17:39:46.908373,Banana,13.46,91.67,0.09,NORMAL,2026-09-10,17,39,13.0,14.0,85.0,95.0,0.0,0.0,0.0,0.0,0.0,0.0,Low,False,False,False
CONT_004,2026-09-10 17:39:48.843009,Banana,13.26,87.92,0.18,NORMAL,2026-09-10,17,39,13.0,14.0,85.0,95.0,0.0,0.0,0.0,0.0,0.0,0.0,Low,False,False,False
CONT_004,2026-09-10 17:39:48.911052,Tomato,10.43,93.04,0.19,NORMAL,2026-09-10,17,39,10.0,12.0,85.0,95.0,0.0,0.0,0.0,0.0,0.0,0.0,Low,False,False,False
CONT_001,2026-09-10 17:39:50.845319,Avocado,11.47,87.74,0.08,NORMAL,2026-09-10,17,39,5.0,13.0,85.0,95.0,0.0,0.0,0.0,0.0,0.0,0.0,Low,False,False,False
CONT_005,2026-09-10 17:39:50.913420,Avocado,5.74,85.64,0.16,NORMAL,2026-09-10,17,39,5.0,13.0,85.0,95.0,0.0,0.0,0.0,0.0,0.0,0.0,Low,False,False,False
CONT_002,2026-09-10 17:39:52.847854,Banana,8.84,72.7,0.44,ANOMALY,2026-09-10,17,39,13.0,14.0,85.0,95.0,4.16,12.3,0.8320000000000001,0.615,0.6,69.81,High,True,True,True
CONT_002,2026-09-10 17:39:52.916815,Banana,16.13,100.0,0.21,WARNING,2026-09-10,17,39,13.0,14.0,85.0,95.0,2.13,5.0,0.426,0.25,0.024999999999999953,26.42,Medium,True,True,False
CONT_001,2026-09-10 17:39:54.851400,Banana,13.88,93.39,0.12,NORMAL,2026-09-10,17,39,13.0,14.0,85.0,95.0,0.0,0.0,0.0,0.0,0.0,0.0,Low,False,False,False
CONT_004,2026-09-10 17:39:54.922909,Avocado,10.49,91.72,0.07,NORMAL,2026-09-10,17,39,5.0,13.0,85.0,95.0,0.0,0.0,0.0,0.0,0.0,0.0,Low,False,False,False
CONT_005,2026-09-10 17:39:56.858209,Avocado,9.91,93.24,0.08,NORMAL,2026-09-10,17,39,5.0,13.0,85.0,95.0,0.0,0.0,0.0,0.0,0.0,0.0,Low,False,False,False
CONT_001,2026-09-10 17:39:56.925637,Tomato,11.81,86.83,0.08,NORMAL,2026-09-10,17,39,10.0,12.0,85.0,95.0,0.0,0.0,0.0,0.0,0.0,0.0,Low,False,False,False
CONT_004,2026-09-10 17:39:58.959971,Avocado,10.9,88.7,0.12,NORMAL,2026-09-10,17,39,5.0,13.0,85.0,95.0,0.0,0.0,0.0,0.0,0.0,0.0,Low,False,False,False
CONT_004,2026-09-10 17:39:58.957750,Avocado,3.01,100.0,0.32,WARNING,2026-09-10,17,39,5.0,13.0,85.0,95.0,1.99,5.0,0.398,0.25,0.3,32.17,Medium,True,True,False
CONT_004,2026-09-10 17:40:00.968884,Avocado,12.57,91.16,0.19,NORMAL,2026-09-10,17,40,5.0,13.0,85.0,95.0,0.0,0.0,0.0,0.0,0.0,0.0,Low,False,False,False
CONT_005,2026-09-10 17:40:01.278914,Avocado,12.88,87.29,0.12,NORMAL,2026-09-10,17,40,5.0,13.0,85.0,95.0,0.0,0.0,0.0,0.0,0.0,0.0,Low,False,False,False
CONT_003,2026-09-10 17:40:02.971462,Mango,10.02,88.32,0.17,NORMAL,2026-09-10,17,40,10.0,13.0,85.0,90.0,0.0,0.0,0.0,0.0,0.0,0.0,Low,False,False,False
CONT_003,2026-09-10 17:40:03.294240,Avocado,6.88,86.68,0.14,NORMAL,2026-09-10,17,40,5.0,13.0,85.0,95.0,0.0,0.0,0.0,0.0,0.0,0.0,Low,False,False,False
CONT_001,2026-09-10 17:40:04.987786,Tomato,11.79,94.41,0.17,NORMAL,2026-09-10,17,40,10.0,12.0,85.0,95.0,0.0,0.0,0.0,0.0,0.0,0.0,Low,False,False,False
CONT_004,2026-09-10 17:40:05.299652,Mango,12.14,87.16,0.17,NORMAL,2026-09-10,17,40,10.0,13.0,85.0,90.0,0.0,0.0,0.0,0.0,0.0,0.0,Low,False,False,False
CONT_003,2026-09-10 17:40:07.003027,Avocado,7.24,94.16,0.14,NORMAL,2026-09-10,17,40,5.0,13.0,85.0,95.0,0.0,0.0,0.0,0.0,0.0,0.0,Low,False,False,False
CONT_004,2026-09-10 17:40:07.305376,Avocado,5.23,85.34,0.12,NORMAL,2026-09-10,17,40,5.0,13.0,85.0,95.0,0.0,0.0,0.0,0.0,0.0,0.0,Low,False,False,False
CONT_003,2026-09-10 17:40:09.010869,Avocado,10.34,88.73,0.14,NORMAL,2026-09-10,17,40,5.0,13.0,85.0,95.0,0.0,0.0,0.0,0.0,0.0,0.0,Low,False,False,False
CONT_001,2026-09-10 17:40:09.358781,Tomato,11.85,85.11,0.1,NORMAL,2026-09-10,17,40,10.0,12.0,85.0,95.0,0.0,0.0,0.0,0.0,0.0,0.0,Low,False,False,False
CONT_002,2026-09-10 17:40:11.119646,Avocado,5.1,89.93,0.08,NORMAL,2026-09-10,17,40,5.0,13.0,85.0,95.0,0.0,0.0,0.0,0.0,0.0,0.0,Low,False,False,False
CONT_001,2026-09-10 17:40:11.369546,Avocado,11.91,91.22,0.16,NORMAL,2026-09-10,17,40,5.0,13.0,85.0,95.0,0.0,0.0,0.0,0.0,0.0,0.0,Low,False,False,False
CONT_005,2026-09-10 17:40:13.125497,Banana,15.15,62.33,0.3,WARNING,2026-09-10,17,40,13.0,14.0,85.0,95.0,1.15,22.67,0.22999999999999998,1.0,0.24999999999999994,50.45,Medium,True,True,False
CONT_001,2026-09-10 17:40:13.372836,Tomato,10.04,89.86,0.08,NORMAL,2026-09-10,17,40,10.0,12.0,85.0,95.0,0.0,0.0,0.0,0.0,0.0,0.0,Low,False,False,False
CONT_005,2026-09-10 17:40:15.135132,Mango,10.52,85.05,0.15,NORMAL,2026-09-10,17,40,10.0,13.0,85.0,90.0,0.0,0.0,0.0,0.0,0.0,0.0,Low,False,False,False
CONT_003,2026-09-10 17:40:15.375357,Banana,13.02,87.48,0.19,NORMAL,2026-09-10,17,40,13.0,14.0,85.0,95.0,0.0,0.0,0.0,0.0,0.0,0.0,Low,False,False,False
CONT_004,2026-09-10 17:40:17.141659,Tomato,10.82,85.26,0.06,NORMAL,2026-09-10,17,40,10.0,12.0,85.0,95.0,0.0,0.0,0.0,0.0,0.0,0.0,Low,False,False,False
CONT_001,2026-09-10 17:40:17.379922,Tomato,10.26,92.72,0.06,NORMAL,2026-09-10,17,40,10.0,12.0,85.0,95.0,0.0,0.0,0.0,0.0,0.0,0.0,Low,False,False,False
CONT_002,2026-09-10 17:40:19.144232,Tomato,10.27,92.48,0.1,NORMAL,2026-09-10,17,40,10.0,12.0,85.0,95.0,0.0,0.0,0.0,0.0,0.0,0.0,Low,False,False,False
CONT_005,2026-09-10 17:40:19.383720,Tomato,16.07,65.47,0.39,ANOMALY,2026-09-10,17,40,10.0,12.0,85.0,95.0,4.07,19.53,0.8140000000000001,0.9765,0.475,78.61,High,True,True,True
CONT_003,2026-09-10 17:40:21.147474,Tomato,10.4,85.93,0.13,NORMAL,2026-09-10,17,40,10.0,12.0,85.0,95.0,0.0,0.0,0.0,0.0,0.0,0.0,Low,False,False,False
CONT_005,2026-09-10 17:40:21.386571,Tomato,10.01,93.17,0.07,NORMAL,2026-09-10,17,40,10.0,12.0,85.0,95.0,0.0,0.0,0.0,0.0,0.0,0.0,Low,False,False,False
CONT_003,2026-09-10 17:40:23.150652,Avocado,11.91,87.51,0.11,NORMAL,2026-09-10,17,40,5.0,13.0,85.0,95.0,0.0,0.0,0.0,0.0,0.0,0.0,Low,False,False,False
CONT_002,2026-09-10 17:40:23.389076,Tomato,10.32,89.71,0.06,NORMAL,2026-09-10,17,40,10.0,12.0,85.0,95.0,0.0,0.0,0.0,0.0,0.0,0.0,Low,False,False,False
CONT_004,2026-09-10 17:40:25.153796,Banana,13.95,86.61,0.14,NORMAL,2026-09-10,17,40,13.0,14.0,85.0,95.0,0.0,0.0,0.0,0.0,0.0,0.0,Low,False,False,False
CONT_005,2026-09-10 17:40:25.392403,Banana,13.01,90.54,0.07,NORMAL,2026-09-10,17,40,13.0,14.0,85.0,95.0,0.0,0.0,0.0,0.0,0.0,0.0,Low,False,False,False
CONT_002,2026-09-10 17:40:27.156948,Avocado,7.72,91.17,0.2,NORMAL,2026-09-10,17,40,5.0,13.0,85.0,95.0,0.0,0.0,0.0,0.0,0.0,0.0,Low,False,False,False
CONT_004,2026-09-10 17:40:27.395287,Banana,16.64,72.43,0.29,WARNING,2026-09-10,17,40,13.0,14.0,85.0,95.0,2.64,12.57,0.528,0.6285000000000001,0.22499999999999992,48.74,Medium,True,True,False
CONT_002,2026-09-10 17:40:29.162115,Mango,10.55,86.9,0.06,NORMAL,2026-09-10,17,40,10.0,13.0,85.0,90.0,0.0,0.0,0.0,0.0,0.0,0.0,Low,False,False,False
CONT_002,2026-09-10 17:40:29.402365,Avocado,8.1,87.14,0.1,NORMAL,2026-09-10,17,40,5.0,13.0,85.0,95.0,0.0,0.0,0.0,0.0,0.0,0.0,Low,False,False,False
CONT_002,2026-09-10 17:40:31.353149,Avocado,-1.92,63.09,0.48,ANOMALY,2026-09-10,17,40,5.0,13.0,85.0,95.0,6.92,21.91,1.0,1.0,0.6999999999999998,92.5,Critical,True,True,True
CONT_003,2026-09-10 17:40:31.409843,Mango,11.73,85.02,0.14,NORMAL,2026-09-10,17,40,10.0,13.0,85.0,90.0,0.0,0.0,0.0,0.0,0.0,0.0,Low,False,False,False
CONT_002,2026-09-10 17:40:33.354975,Avocado,10.9,89.17,0.06,NORMAL,2026-09-10,17,40,5.0,13.0,85.0,95.0,0.0,0.0,0.0,0.0,0.0,0.0,Low,False,False,False
CONT_004,2026-09-10 17:40:33.428772,Tomato,11.78,87.05,0.07,NORMAL,2026-09-10,17,40,10.0,12.0,85.0,95.0,0.0,0.0,0.0,0.0,0.0,0.0,Low,False,False,False
CONT_005,2026-09-10 17:40:35.392603,Banana,13.38,90.41,0.1,NORMAL,2026-09-10,17,40,13.0,14.0,85.0,95.0,0.0,0.0,0.0,0.0,0.0,0.0,Low,False,False,False
CONT_004,2026-09-10 17:40:35.623750,Banana,13.77,85.84,0.14,NORMAL,2026-09-10,17,40,13.0,14.0,85.0,95.0,0.0,0.0,0.0,0.0,0.0,0.0,Low,False,False,False
CONT_003,2026-09-10 17:40:37.528779,Mango,10.18,86.75,0.17,NORMAL,2026-09-10,17,40,10.0,13.0,85.0,90.0,0.0,0.0,0.0,0.0,0.0,0.0,Low,False,False,False
CONT_002,2026-09-10 17:40:37.985506,Avocado,10.67,85.9,0.19,NORMAL,2026-09-10,17,40,5.0,13.0,85.0,95.0,0.0,0.0,0.0,0.0,0.0,0.0,Low,False,False,False
CONT_001,2026-09-10 17:40:39.775992,Mango,11.08,86.35,0.11,NORMAL,2026-09-10,17,40,10.0,13.0,85.0,90.0,0.0,0.0,0.0,0.0,0.0,0.0,Low,False,False,False
CONT_005,2026-09-10 17:40:40.011047,Avocado,5.76,91.84,0.1,NORMAL,2026-09-10,17,40,5.0,13.0,85.0,95.0,0.0,0.0,0.0,0.0,0.0,0.0,Low,False,False,False
CONT_001,2026-09-10 17:40:41.900585,Mango,4.03,72.37,0.54,ANOMALY,2026-09-10,17,40,10.0,13.0,85.0,90.0,5.97,12.63,1.0,0.6315000000000001,0.85,83.35,Critical,True,True,True
CONT_001,2026-09-10 17:40:42.061046,Tomato,11.63,85.72,0.08,NORMAL,2026-09-10,17,40,10.0,12.0,85.0,95.0,0.0,0.0,0.0,0.0,0.0,0.0,Low,False,False,False
CONT_005,2026-09-10 17:40:43.903750,Banana,15.67,100.0,0.2,WARNING,2026-09-10,17,40,13.0,14.0,85.0,95.0,1.67,5.0,0.33399999999999996,0.25,0.0,22.11,Low,True,True,False
CONT_001,2026-09-10 17:40:44.195004,Avocado,8.73,87.53,0.19,NORMAL,2026-09-10,17,40,5.0,13.0,85.0,95.0,0.0,0.0,0.0,0.0,0.0,0.0,Low,False,False,False
CONT_001,2026-09-10 17:40:45.908386,Mango,11.48,85.05,0.19,NORMAL,2026-09-10,17,40,10.0,13.0,85.0,90.0,0.0,0.0,0.0,0.0,0.0,0.0,Low,False,False,False
CONT_003,2026-09-10 17:40:46.375099,Mango,18.33,100.0,0.35,ANOMALY,2026-09-10,17,40,10.0,13.0,85.0,90.0,5.33,10.0,1.0,0.5,0.3749999999999999,66.88,High,True,True,False
CONT_002,2026-09-10 17:40:48.354105,Banana,18.68,100.0,0.37,ANOMALY,2026-09-10,17,40,13.0,14.0,85.0,95.0,4.68,5.0,0.9359999999999999,0.25,0.42499999999999993,56.81,Medium,True,True,True
CONT_002,2026-09-10 17:40:48.387849,Avocado,3.58,63.99,0.21,WARNING,2026-09-10,17,40,5.0,13.0,85.0,95.0,1.42,21.01,0.284,1.0,0.024999999999999953,46.98,Medium,True,True,False
CONT_004,2026-09-10 17:40:50.372744,Mango,11.29,87.71,0.07,NORMAL,2026-09-10,17,40,10.0,13.0,85.0,90.0,0.0,0.0,0.0,0.0,0.0,0.0,Low,False,False,False
CONT_002,2026-09-10 17:40:50.414253,Avocado,5.15,85.07,0.05,NORMAL,2026-09-10,17,40,5.0,13.0,85.0,95.0,0.0,0.0,0.0,0.0,0.0,0.0,Low,False,False,False
CONT_005,2026-09-10 17:40:52.378243,Avocado,2.48,100.0,0.2,WARNING,2026-09-10,17,40,5.0,13.0,85.0,95.0,2.52,5.0,0.504,0.25,0.0,28.91,Medium,True,True,False
CONT_005,2026-09-10 17:40:52.418578,Tomato,10.35,90.86,0.17,NORMAL,2026-09-10,17,40,10.0,12.0,85.0,95.0,0.0,0.0,0.0,0.0,0.0,0.0,Low,False,False,False
CONT_005,2026-09-10 17:40:54.387623,Banana,13.39,86.64,0.08,NORMAL,2026-09-10,17,40,13.0,14.0,85.0,95.0,0.0,0.0,0.0,0.0,0.0,0.0,Low,False,False,False
CONT_002,2026-09-10 17:40:54.421271,Avocado,17.81,62.32,0.38,ANOMALY,2026-09-10,17,40,5.0,13.0,85.0,95.0,4.81,22.68,0.962,1.0,0.44999999999999996,84.73,Critical,True,True,True
CONT_004,2026-09-10 17:40:56.746954,Banana,10.83,100.0,0.3,WARNING,2026-09-10,17,40,13.0,14.0,85.0,95.0,2.17,5.0,0.434,0.25,0.24999999999999994,32.36,Medium,True,True,False
CONT_002,2026-09-10 17:40:56.746527,Tomato,10.04,90.16,0.07,NORMAL,2026-09-10,17,40,10.0,12.0,85.0,95.0,0.0,0.0,0.0,0.0,0.0,0.0,Low,False,False,False
CONT_002,2026-09-10 17:41:00.094592,Avocado,12.33,86.89,0.18,NORMAL,2026-09-10,17,41,5.0,13.0,85.0,95.0,0.0,0.0,0.0,0.0,0.0,0.0,Low,False,False,False
CONT_002,2026-09-10 17:41:00.188032,Mango,5.33,61.89,0.58,ANOMALY,2026-09-10,17,41,10.0,13.0,85.0,90.0,4.67,23.11,0.9339999999999999,1.0,0.9499999999999998,96.11,Critical,True,True,True
CONT_001,2026-09-10 17:41:02.288346,Mango,10.02,85.21,0.09,NORMAL,2026-09-10,17,41,10.0,13.0,85.0,90.0,0.0,0.0,0.0,0.0,0.0,0.0,Low,False,False,False
CONT_005,2026-09-10 17:41:02.301712,Tomato,11.7,92.15,0.12,NORMAL,2026-09-10,17,41,10.0,12.0,85.0,95.0,0.0,0.0,0.0,0.0,0.0,0.0,Low,False,False,False
CONT_004,2026-09-10 17:41:04.307125,Avocado,16.14,100.0,0.45,ANOMALY,2026-09-10,17,41,5.0,13.0,85.0,95.0,3.14,5.0,0.628,0.25,0.625,49.5,Medium,True,True,True
CONT_005,2026-09-10 17:41:04.310307,Banana,13.77,93.71,0.07,NORMAL,2026-09-10,17,41,13.0,14.0,85.0,95.0,0.0,0.0,0.0,0.0,0.0,0.0,Low,False,False,False
CONT_004,2026-09-10 17:41:06.313710,Tomato,10.41,85.73,0.18,NORMAL,2026-09-10,17,41,10.0,12.0,85.0,95.0,0.0,0.0,0.0,0.0,0.0,0.0,Low,False,False,False
CONT_002,2026-09-10 17:41:06.318414,Banana,13.45,92.89,0.06,NORMAL,2026-09-10,17,41,13.0,14.0,85.0,95.0,0.0,0.0,0.0,0.0,0.0,0.0,Low,False,False,False
CONT_004,2026-09-10 17:41:08.319931,Mango,10.24,89.35,0.13,NORMAL,2026-09-10,17,41,10.0,13.0,85.0,90.0,0.0,0.0,0.0,0.0,0.0,0.0,Low,False,False,False
CONT_004,2026-09-10 17:41:08.321458,Mango,11.0,88.5,0.17,NORMAL,2026-09-10,17,41,10.0,13.0,85.0,90.0,0.0,0.0,0.0,0.0,0.0,0.0,Low,False,False,False
CONT_004,2026-09-10 17:41:10.323341,Tomato,3.06,63.43,0.45,ANOMALY,2026-09-10,17,41,10.0,12.0,85.0,95.0,6.94,21.57,1.0,1.0,0.625,90.62,Critical,True,True,True
CONT_003,2026-09-10 17:41:10.327108,Mango,11.42,88.6,0.17,NORMAL,2026-09-10,17,41,10.0,13.0,85.0,90.0,0.0,0.0,0.0,0.0,0.0,0.0,Low,False,False,False
CONT_005,2026-09-10 17:41:12.383474,Tomato,11.94,94.97,0.06,NORMAL,2026-09-10,17,41,10.0,12.0,85.0,95.0,0.0,0.0,0.0,0.0,0.0,0.0,Low,False,False,False
CONT_003,2026-09-10 17:41:12.385159,Tomato,11.87,91.26,0.12,NORMAL,2026-09-10,17,41,10.0,12.0,85.0,95.0,0.0,0.0,0.0,0.0,0.0,0.0,Low,False,False,False
CONT_004,2026-09-10 17:41:14.392325,Banana,10.09,100.0,0.34,WARNING,2026-09-10,17,41,13.0,14.0,85.0,95.0,2.91,5.0,0.5820000000000001,0.25,0.35000000000000003,40.78,Medium,True,True,False
CONT_004,2026-09-10 17:41:14.502802,Avocado,17.23,63.93,0.59,ANOMALY,2026-09-10,17,41,5.0,13.0,85.0,95.0,4.23,21.07,0.8460000000000001,1.0,0.9749999999999999,93.22,Critical,True,True,True
CONT_003,2026-09-10 17:41:16.395039,Banana,9.45,69.03,0.39,ANOMALY,2026-09-10,17,41,13.0,14.0,85.0,95.0,3.55,15.97,0.71,0.7985,0.475,68.22,High,True,True,True
CONT_004,2026-09-10 17:41:16.506757,Avocado,12.96,94.18,0.16,NORMAL,2026-09-10,17,41,5.0,13.0,85.0,95.0,0.0,0.0,0.0,0.0,0.0,0.0,Low,False,False,False
CONT_003,2026-09-10 17:41:18.399561,Avocado,2.7,100.0,0.26,WARNING,2026-09-10,17,41,5.0,13.0,85.0,95.0,2.3,5.0,0.45999999999999996,0.25,0.15,30.9,Medium,True,True,False
CONT_002,2026-09-10 17:41:18.509680,Mango,7.9,65.63,0.33,WARNING,2026-09-10,17,41,10.0,13.0,85.0,90.0,2.1,19.37,0.42000000000000004,0.9685,0.325,58.82,Medium,True,True,False
CONT_005,2026-09-10 17:41:20.483556,Mango,12.39,88.56,0.16,NORMAL,2026-09-10,17,41,10.0,13.0,85.0,90.0,0.0,0.0,0.0,0.0,0.0,0.0,Low,False,False,False
CONT_003,2026-09-10 17:41:20.602789,Tomato,11.4,86.65,0.09,NORMAL,2026-09-10,17,41,10.0,12.0,85.0,95.0,0.0,0.0,0.0,0.0,0.0,0.0,Low,False,False,False
CONT_004,2026-09-10 17:41:22.619088,Tomato,11.36,91.37,0.15,NORMAL,2026-09-10,17,41,10.0,12.0,85.0,95.0,0.0,0.0,0.0,0.0,0.0,0.0,Low,False,False,False
CONT_003,2026-09-10 17:41:22.622558,Mango,12.6,89.98,0.12,NORMAL,2026-09-10,17,41,10.0,13.0,85.0,90.0,0.0,0.0,0.0,0.0,0.0,0.0,Low,False,False,False
CONT_003,2026-09-10 17:41:24.621712,Mango,12.12,88.04,0.17,NORMAL,2026-09-10,17,41,10.0,13.0,85.0,90.0,0.0,0.0,0.0,0.0,0.0,0.0,Low,False,False,False
CONT_004,2026-09-10 17:41:24.626030,Mango,10.96,88.11,0.15,NORMAL,2026-09-10,17,41,10.0,13.0,85.0,90.0,0.0,0.0,0.0,0.0,0.0,0.0,Low,False,False,False
CONT_002,2026-09-10 17:41:26.624334,Avocado,9.8,91.1,0.06,NORMAL,2026-09-10,17,41,5.0,13.0,85.0,95.0,0.0,0.0,0.0,0.0,0.0,0.0,Low,False,False,False
CONT_005,2026-09-10 17:41:26.628290,Mango,10.38,89.19,0.15,NORMAL,2026-09-10,17,41,10.0,13.0,85.0,90.0,0.0,0.0,0.0,0.0,0.0,0.0,Low,False,False,False
CONT_001,2026-09-10 17:41:28.626624,Avocado,5.25,92.05,0.2,NORMAL,2026-09-10,17,41,5.0,13.0,85.0,95.0,0.0,0.0,0.0,0.0,0.0,0.0,Low,False,False,False
CONT_003,2026-09-10 17:41:28.631942,Avocado,12.55,94.59,0.12,NORMAL,2026-09-10,17,41,5.0,13.0,85.0,95.0,0.0,0.0,0.0,0.0,0.0,0.0,Low,False,False,False
CONT_003,2026-09-10 17:41:30.634146,Tomato,11.44,87.1,0.05,NORMAL,2026-09-10,17,41,10.0,12.0,85.0,95.0,0.0,0.0,0.0,0.0,0.0,0.0,Low,False,False,False
CONT_002,2026-09-10 17:41:30.630207,Tomato,11.3,87.35,0.09,NORMAL,2026-09-10,17,41,10.0,12.0,85.0,95.0,0.0,0.0,0.0,0.0,0.0,0.0,Low,False,False,False
CONT_001,2026-09-10 17:41:32.639913,Avocado,8.11,90.35,0.19,NORMAL,2026-09-10,17,41,5.0,13.0,85.0,95.0,0.0,0.0,0.0,0.0,0.0,0.0,Low,False,False,False
CONT_003,2026-09-10 17:41:32.639913,Avocado,9.89,85.1,0.17,NORMAL,2026-09-10,17,41,5.0,13.0,85.0,95.0,0.0,0.0,0.0,0.0,0.0,0.0,Low,False,False,False
CONT_004,2026-09-10 17:41:34.644323,Banana,13.54,88.84,0.11,NORMAL,2026-09-10,17,41,13.0,14.0,85.0,95.0,0.0,0.0,0.0,0.0,0.0,0.0,Low,False,False,False
CONT_002,2026-09-10 17:41:34.647312,Tomato,7.92,68.52,0.29,WARNING,2026-09-10,17,41,10.0,12.0,85.0,95.0,2.08,16.48,0.41600000000000004,0.8240000000000001,0.22499999999999992,51.1,Medium,True,True,False
CONT_005,2026-09-10 17:41:36.653925,Mango,5.2,68.88,0.55,ANOMALY,2026-09-10,17,41,10.0,13.0,85.0,90.0,4.8,16.12,0.96,0.806,0.875,88.48,Critical,True,True,True
CONT_004,2026-09-10 17:41:36.656423,Banana,7.41,73.75,0.4,ANOMALY,2026-09-10,17,41,13.0,14.0,85.0,95.0,5.59,11.25,1.0,0.5625,0.5,72.19,High,True,True,True
CONT_003,2026-09-10 17:41:38.661305,Banana,9.68,100.0,0.46,ANOMALY,2026-09-10,17,41,13.0,14.0,85.0,95.0,3.32,5.0,0.6639999999999999,0.25,0.65,51.56,Medium,True,True,True
CONT_003,2026-09-10 17:41:38.666770,Avocado,17.56,67.05,0.47,ANOMALY,2026-09-10,17,41,5.0,13.0,85.0,95.0,4.56,17.95,0.9119999999999999,0.8975,0.6749999999999998,84.77,Critical,True,True,True
CONT_001,2026-09-10 17:41:40.668528,Mango,11.47,89.87,0.17,NORMAL,2026-09-10,17,41,10.0,13.0,85.0,90.0,0.0,0.0,0.0,0.0,0.0,0.0,Low,False,False,False
CONT_002,2026-09-10 17:41:40.673081,Mango,10.86,87.8,0.15,NORMAL,2026-09-10,17,41,10.0,13.0,85.0,90.0,0.0,0.0,0.0,0.0,0.0,0.0,Low,False,False,False
CONT_001,2026-09-10 17:41:42.672806,Tomato,10.67,93.77,0.11,NORMAL,2026-09-10,17,41,10.0,12.0,85.0,95.0,0.0,0.0,0.0,0.0,0.0,0.0,Low,False,False,False
CONT_004,2026-09-10 17:41:42.677904,Tomato,6.7,100.0,0.46,ANOMALY,2026-09-10,17,41,10.0,12.0,85.0,95.0,3.3,5.0,0.6599999999999999,0.25,0.65,51.4,Medium,True,True,True
CONT_003,2026-09-10 17:41:44.677012,Tomato,3.89,100.0,0.56,ANOMALY,2026-09-10,17,41,10.0,12.0,85.0,95.0,6.11,5.0,1.0,0.25,0.9,71.25,High,True,True,True
CONT_004,2026-09-10 17:41:44.685915,Mango,11.71,88.08,0.17,NORMAL,2026-09-10,17,41,10.0,13.0,85.0,90.0,0.0,0.0,0.0,0.0,0.0,0.0,Low,False,False,False
CONT_003,2026-09-10 17:41:46.683242,Avocado,16.12,100.0,0.46,ANOMALY,2026-09-10,17,41,5.0,13.0,85.0,95.0,3.12,5.0,0.624,0.25,0.65,49.96,Medium,True,True,True
CONT_002,2026-09-10 17:41:46.689492,Mango,12.0,88.09,0.06,NORMAL,2026-09-10,17,41,10.0,13.0,85.0,90.0,0.0,0.0,0.0,0.0,0.0,0.0,Low,False,False,False
CONT_001,2026-09-10 17:41:48.687258,Mango,12.41,89.67,0.18,NORMAL,2026-09-10,17,41,10.0,13.0,85.0,90.0,0.0,0.0,0.0,0.0,0.0,0.0,Low,False,False,False
CONT_004,2026-09-10 17:41:48.697329,Tomato,10.63,92.62,0.15,NORMAL,2026-09-10,17,41,10.0,12.0,85.0,95.0,0.0,0.0,0.0,0.0,0.0,0.0,Low,False,False,False
CONT_005,2026-09-10 17:41:50.982247,Mango,12.72,88.74,0.13,NORMAL,2026-09-10,17,41,10.0,13.0,85.0,90.0,0.0,0.0,0.0,0.0,0.0,0.0,Low,False,False,False
CONT_003,2026-09-10 17:41:50.694212,Banana,13.15,88.95,0.17,NORMAL,2026-09-10,17,41,13.0,14.0,85.0,95.0,0.0,0.0,0.0,0.0,0.0,0.0,Low,False,False,False
CONT_001,2026-09-10 17:41:53.001525,Tomato,14.4,67.92,0.25,WARNING,2026-09-10,17,41,10.0,12.0,85.0,95.0,2.4,17.08,0.48,0.8539999999999999,0.12499999999999997,52.21,Medium,True,True,False
CONT_004,2026-09-10 17:41:53.002725,Mango,12.42,88.86,0.13,NORMAL,2026-09-10,17,41,10.0,13.0,85.0,90.0,0.0,0.0,0.0,0.0,0.0,0.0,Low,False,False,False
CONT_004,2026-09-10 17:41:55.005250,Avocado,6.83,89.07,0.11,NORMAL,2026-09-10,17,41,5.0,13.0,85.0,95.0,0.0,0.0,0.0,0.0,0.0,0.0,Low,False,False,False
CONT_003,2026-09-10 17:41:55.006652,Banana,13.03,88.93,0.12,NORMAL,2026-09-10,17,41,13.0,14.0,85.0,95.0,0.0,0.0,0.0,0.0,0.0,0.0,Low,False,False,False
CONT_002,2026-09-10 17:41:57.021243,Mango,12.8,85.78,0.05,NORMAL,2026-09-10,17,41,10.0,13.0,85.0,90.0,0.0,0.0,0.0,0.0,0.0,0.0,Low,False,False,False
CONT_002,2026-09-10 17:41:57.034931,Mango,15.13,100.0,0.28,WARNING,2026-09-10,17,41,10.0,13.0,85.0,90.0,2.13,10.0,0.426,0.5,0.20000000000000004,39.54,Medium,True,True,False
CONT_005,2026-09-10 17:41:59.082107,Tomato,11.05,90.36,0.1,NORMAL,2026-09-10,17,41,10.0,12.0,85.0,95.0,0.0,0.0,0.0,0.0,0.0,0.0,Low,False,False,False
CONT_003,2026-09-10 17:41:59.080902,Avocado,5.79,89.41,0.13,NORMAL,2026-09-10,17,41,5.0,13.0,85.0,95.0,0.0,0.0,0.0,0.0,0.0,0.0,Low,False,False,False
CONT_003,2026-09-10 17:42:01.086699,Avocado,6.61,88.62,0.07,NORMAL,2026-09-10,17,42,5.0,13.0,85.0,95.0,0.0,0.0,0.0,0.0,0.0,0.0,Low,False,False,False
CONT_005,2026-09-10 17:42:01.086168,Mango,12.05,85.71,0.06,NORMAL,2026-09-10,17,42,10.0,13.0,85.0,90.0,0.0,0.0,0.0,0.0,0.0,0.0,Low,False,False,False
CONT_003,2026-09-10 17:42:03.109912,Banana,10.3,100.0,0.22,WARNING,2026-09-10,17,42,13.0,14.0,85.0,95.0,2.7,5.0,0.54,0.25,0.049999999999999975,31.6,Medium,True,True,False
CONT_005,2026-09-10 17:42:03.142919,Avocado,6.92,87.94,0.15,NORMAL,2026-09-10,17,42,5.0,13.0,85.0,95.0,0.0,0.0,0.0,0.0,0.0,0.0,Low,False,False,False
CONT_001,2026-09-10 17:42:05.180666,Avocado,11.71,89.09,0.18,NORMAL,2026-09-10,17,42,5.0,13.0,85.0,95.0,0.0,0.0,0.0,0.0,0.0,0.0,Low,False,False,False
CONT_004,2026-09-10 17:42:05.171187,Mango,8.39,100.0,0.23,WARNING,2026-09-10,17,42,10.0,13.0,85.0,90.0,1.61,10.0,0.322,0.5,0.075,32.25,Medium,True,True,False
CONT_005,2026-09-10 17:42:07.191217,Banana,13.36,86.24,0.05,NORMAL,2026-09-10,17,42,13.0,14.0,85.0,95.0,0.0,0.0,0.0,0.0,0.0,0.0,Low,False,False,False
CONT_005,2026-09-10 17:42:07.198750,Avocado,2.04,100.0,0.26,WARNING,2026-09-10,17,42,5.0,13.0,85.0,95.0,2.96,5.0,0.592,0.25,0.15,36.18,Medium,True,True,False
CONT_002,2026-09-10 17:42:09.193367,Banana,13.73,90.28,0.08,NORMAL,2026-09-10,17,42,13.0,14.0,85.0,95.0,0.0,0.0,0.0,0.0,0.0,0.0,Low,False,False,False
CONT_004,2026-09-10 17:42:09.201369,Mango,11.93,89.45,0.1,NORMAL,2026-09-10,17,42,10.0,13.0,85.0,90.0,0.0,0.0,0.0,0.0,0.0,0.0,Low,False,False,False
CONT_002,2026-09-10 17:42:11.196790,Mango,15.71,100.0,0.29,WARNING,2026-09-10,17,42,10.0,13.0,85.0,90.0,2.71,10.0,0.542,0.5,0.22499999999999992,44.8,Medium,True,True,False
CONT_003,2026-09-10 17:42:11.203887,Banana,13.53,92.08,0.08,NORMAL,2026-09-10,17,42,13.0,14.0,85.0,95.0,0.0,0.0,0.0,0.0,0.0,0.0,Low,False,False,False
CONT_002,2026-09-10 17:42:13.199695,Mango,8.92,100.0,0.23,WARNING,2026-09-10,17,42,10.0,13.0,85.0,90.0,1.08,10.0,0.21600000000000003,0.5,0.075,28.02,Medium,True,True,False
CONT_004,2026-09-10 17:42:13.206420,Avocado,11.1,92.5,0.08,NORMAL,2026-09-10,17,42,5.0,13.0,85.0,95.0,0.0,0.0,0.0,0.0,0.0,0.0,Low,False,False,False
CONT_005,2026-09-10 17:42:15.205507,Tomato,11.46,93.98,0.07,NORMAL,2026-09-10,17,42,10.0,12.0,85.0,95.0,0.0,0.0,0.0,0.0,0.0,0.0,Low,False,False,False
CONT_002,2026-09-10 17:42:15.209884,Banana,13.29,89.67,0.16,NORMAL,2026-09-10,17,42,13.0,14.0,85.0,95.0,0.0,0.0,0.0,0.0,0.0,0.0,Low,False,False,False
CONT_001,2026-09-10 17:42:17.209558,Tomato,10.64,86.5,0.2,NORMAL,2026-09-10,17,42,10.0,12.0,85.0,95.0,0.0,0.0,0.0,0.0,0.0,0.0,Low,False,False,False
CONT_005,2026-09-10 17:42:17.221896,Tomato,11.95,92.78,0.08,NORMAL,2026-09-10,17,42,10.0,12.0,85.0,95.0,0.0,0.0,0.0,0.0,0.0,0.0,Low,False,False,False
CONT_004,2026-09-10 17:42:19.213160,Avocado,-0.66,65.26,0.43,ANOMALY,2026-09-10,17,42,5.0,13.0,85.0,95.0,5.66,19.74,1.0,0.9869999999999999,0.575,88.92,Critical,True,True,True
CONT_001,2026-09-10 17:42:19.224478,Mango,12.6,87.92,0.11,NORMAL,2026-09-10,17,42,10.0,13.0,85.0,90.0,0.0,0.0,0.0,0.0,0.0,0.0,Low,False,False,False
CONT_002,2026-09-10 17:42:21.216082,Mango,11.56,85.56,0.1,NORMAL,2026-09-10,17,42,10.0,13.0,85.0,90.0,0.0,0.0,0.0,0.0,0.0,0.0,Low,False,False,False
CONT_001,2026-09-10 17:42:21.228463,Tomato,11.92,85.43,0.15,NORMAL,2026-09-10,17,42,10.0,12.0,85.0,95.0,0.0,0.0,0.0,0.0,0.0,0.0,Low,False,False,False
CONT_002,2026-09-10 17:42:23.218277,Avocado,15.61,100.0,0.22,WARNING,2026-09-10,17,42,5.0,13.0,85.0,95.0,2.61,5.0,0.522,0.25,0.049999999999999975,30.88,Medium,True,True,False
CONT_003,2026-09-10 17:42:23.233105,Tomato,11.39,92.64,0.19,NORMAL,2026-09-10,17,42,10.0,12.0,85.0,95.0,0.0,0.0,0.0,0.0,0.0,0.0,Low,False,False,False
CONT_004,2026-09-10 17:42:25.222085,Banana,7.55,100.0,0.49,ANOMALY,2026-09-10,17,42,13.0,14.0,85.0,95.0,5.45,5.0,1.0,0.25,0.7249999999999999,66.88,High,True,True,True
CONT_002,2026-09-10 17:42:25.237299,Mango,6.48,100.0,0.58,ANOMALY,2026-09-10,17,42,10.0,13.0,85.0,90.0,3.52,10.0,0.704,0.5,0.9499999999999998,69.41,High,True,True,True
CONT_002,2026-09-10 17:42:27.267642,Mango,11.78,85.09,0.15,NORMAL,2026-09-10,17,42,10.0,13.0,85.0,90.0,0.0,0.0,0.0,0.0,0.0,0.0,Low,False,False,False
CONT_001,2026-09-10 17:42:27.266045,Avocado,10.27,85.47,0.13,NORMAL,2026-09-10,17,42,5.0,13.0,85.0,95.0,0.0,0.0,0.0,0.0,0.0,0.0,Low,False,False,False
CONT_004,2026-09-10 17:42:29.271708,Mango,11.19,88.66,0.15,NORMAL,2026-09-10,17,42,10.0,13.0,85.0,90.0,0.0,0.0,0.0,0.0,0.0,0.0,Low,False,False,False
CONT_004,2026-09-10 17:42:29.274161,Tomato,10.87,86.0,0.07,NORMAL,2026-09-10,17,42,10.0,12.0,85.0,95.0,0.0,0.0,0.0,0.0,0.0,0.0,Low,False,False,False
CONT_001,2026-09-10 17:42:31.275270,Avocado,10.58,91.09,0.11,NORMAL,2026-09-10,17,42,5.0,13.0,85.0,95.0,0.0,0.0,0.0,0.0,0.0,0.0,Low,False,False,False
CONT_001,2026-09-10 17:42:31.276598,Banana,18.97,100.0,0.45,ANOMALY,2026-09-10,17,42,13.0,14.0,85.0,95.0,4.97,5.0,0.994,0.25,0.625,64.13,High,True,True,True
CONT_005,2026-09-10 17:42:33.281371,Avocado,18.85,100.0,0.41,ANOMALY,2026-09-10,17,42,5.0,13.0,85.0,95.0,5.85,5.0,1.0,0.25,0.5249999999999999,61.88,High,True,True,True
CONT_001,2026-09-10 17:42:33.282970,Tomato,11.18,93.24,0.16,NORMAL,2026-09-10,17,42,10.0,12.0,85.0,95.0,0.0,0.0,0.0,0.0,0.0,0.0,Low,False,False,False
CONT_003,2026-09-10 17:42:35.283871,Banana,13.99,87.94,0.16,NORMAL,2026-09-10,17,42,13.0,14.0,85.0,95.0,0.0,0.0,0.0,0.0,0.0,0.0,Low,False,False,False
CONT_004,2026-09-10 17:42:35.286426,Avocado,8.7,94.6,0.1,NORMAL,2026-09-10,17,42,5.0,13.0,85.0,95.0,0.0,0.0,0.0,0.0,0.0,0.0,Low,False,False,False
CONT_004,2026-09-10 17:42:37.286067,Tomato,10.69,85.95,0.15,NORMAL,2026-09-10,17,42,10.0,12.0,85.0,95.0,0.0,0.0,0.0,0.0,0.0,0.0,Low,False,False,False
CONT_005,2026-09-10 17:42:37.288988,Banana,13.24,90.8,0.14,NORMAL,2026-09-10,17,42,13.0,14.0,85.0,95.0,0.0,0.0,0.0,0.0,0.0,0.0,Low,False,False,False
CONT_005,2026-09-10 17:42:39.291615,Mango,11.45,86.55,0.13,NORMAL,2026-09-10,17,42,10.0,13.0,85.0,90.0,0.0,0.0,0.0,0.0,0.0,0.0,Low,False,False,False
CONT_002,2026-09-10 17:42:39.297349,Tomato,11.53,85.47,0.16,NORMAL,2026-09-10,17,42,10.0,12.0,85.0,95.0,0.0,0.0,0.0,0.0,0.0,0.0,Low,False,False,False
CONT_003,2026-09-10 17:42:41.296454,Banana,13.36,91.3,0.18,NORMAL,2026-09-10,17,42,13.0,14.0,85.0,95.0,0.0,0.0,0.0,0.0,0.0,0.0,Low,False,False,False
CONT_005,2026-09-10 17:42:41.300426,Avocado,14.15,70.05,0.3,WARNING,2026-09-10,17,42,5.0,13.0,85.0,95.0,1.15,14.95,0.22999999999999998,0.7474999999999999,0.24999999999999994,41.61,Medium,True,True,False
CONT_003,2026-09-10 17:42:43.300026,Tomato,7.79,61.99,0.31,WARNING,2026-09-10,17,42,10.0,12.0,85.0,95.0,2.21,23.01,0.442,1.0,0.27499999999999997,59.55,Medium,True,True,False
CONT_002,2026-09-10 17:42:43.303669,Avocado,11.41,94.09,0.18,NORMAL,2026-09-10,17,42,5.0,13.0,85.0,95.0,0.0,0.0,0.0,0.0,0.0,0.0,Low,False,False,False
CONT_003,2026-09-10 17:42:45.305861,Avocado,8.88,89.13,0.15,NORMAL,2026-09-10,17,42,5.0,13.0,85.0,95.0,0.0,0.0,0.0,0.0,0.0,0.0,Low,False,False,False
CONT_001,2026-09-10 17:42:45.307395,Mango,12.51,88.64,0.12,NORMAL,2026-09-10,17,42,10.0,13.0,85.0,90.0,0.0,0.0,0.0,0.0,0.0,0.0,Low,False,False,False
CONT_005,2026-09-10 17:42:47.310039,Mango,11.53,86.88,0.14,NORMAL,2026-09-10,17,42,10.0,13.0,85.0,90.0,0.0,0.0,0.0,0.0,0.0,0.0,Low,False,False,False
CONT_002,2026-09-10 17:42:47.314495,Avocado,7.1,89.0,0.14,NORMAL,2026-09-10,17,42,5.0,13.0,85.0,95.0,0.0,0.0,0.0,0.0,0.0,0.0,Low,False,False,False
CONT_003,2026-09-10 17:42:49.316004,Mango,12.86,88.59,0.09,NORMAL,2026-09-10,17,42,10.0,13.0,85.0,90.0,0.0,0.0,0.0,0.0,0.0,0.0,Low,False,False,False
CONT_004,2026-09-10 17:42:49.316475,Mango,11.82,89.9,0.11,NORMAL,2026-09-10,17,42,10.0,13.0,85.0,90.0,0.0,0.0,0.0,0.0,0.0,0.0,Low,False,False,False
CONT_004,2026-09-10 17:42:51.319411,Avocado,2.77,100.0,0.27,WARNING,2026-09-10,17,42,5.0,13.0,85.0,95.0,2.23,5.0,0.446,0.25,0.17500000000000002,30.97,Medium,True,True,False
CONT_003,2026-09-10 17:42:51.320365,Banana,13.15,94.31,0.09,NORMAL,2026-09-10,17,42,13.0,14.0,85.0,95.0,0.0,0.0,0.0,0.0,0.0,0.0,Low,False,False,False
CONT_005,2026-09-10 17:42:53.323407,Tomato,14.07,69.56,0.27,WARNING,2026-09-10,17,42,10.0,12.0,85.0,95.0,2.07,15.44,0.414,0.772,0.17500000000000002,47.96,Medium,True,True,False
CONT_005,2026-09-10 17:42:53.323244,Mango,14.71,63.47,0.29,WARNING,2026-09-10,17,42,10.0,13.0,85.0,90.0,1.71,21.53,0.34199999999999997,1.0,0.22499999999999992,54.31,Medium,True,True,False
CONT_001,2026-09-10 17:42:55.670019,Avocado,5.95,88.03,0.17,NORMAL,2026-09-10,17,42,5.0,13.0,85.0,95.0,0.0,0.0,0.0,0.0,0.0,0.0,Low,False,False,False
CONT_001,2026-09-10 17:42:55.669612,Mango,11.3,87.45,0.05,NORMAL,2026-09-10,17,42,10.0,13.0,85.0,90.0,0.0,0.0,0.0,0.0,0.0,0.0,Low,False,False,False
CONT_004,2026-09-10 17:42:57.926820,Banana,13.05,93.48,0.09,NORMAL,2026-09-10,17,42,13.0,14.0,85.0,95.0,0.0,0.0,0.0,0.0,0.0,0.0,Low,False,False,False
CONT_003,2026-09-10 17:42:57.928430,Tomato,11.04,92.24,0.16,NORMAL,2026-09-10,17,42,10.0,12.0,85.0,95.0,0.0,0.0,0.0,0.0,0.0,0.0,Low,False,False,False
CONT_004,2026-09-10 17:42:59.931021,Avocado,8.72,92.97,0.15,NORMAL,2026-09-10,17,42,5.0,13.0,85.0,95.0,0.0,0.0,0.0,0.0,0.0,0.0,Low,False,False,False
CONT_005,2026-09-10 17:42:59.932850,Tomato,11.79,85.66,0.15,NORMAL,2026-09-10,17,42,10.0,12.0,85.0,95.0,0.0,0.0,0.0,0.0,0.0,0.0,Low,False,False,False
CONT_004,2026-09-10 17:43:01.937390,Banana,13.6,93.39,0.05,NORMAL,2026-09-10,17,43,13.0,14.0,85.0,95.0,0.0,0.0,0.0,0.0,0.0,0.0,Low,False,False,False
CONT_002,2026-09-10 17:43:01.938947,Banana,13.47,93.96,0.18,NORMAL,2026-09-10,17,43,13.0,14.0,85.0,95.0,0.0,0.0,0.0,0.0,0.0,0.0,Low,False,False,False
CONT_001,2026-09-10 17:43:03.939807,Tomato,13.31,100.0,0.28,WARNING,2026-09-10,17,43,10.0,12.0,85.0,95.0,1.31,5.0,0.262,0.25,0.20000000000000004,24.23,Low,True,True,False
CONT_004,2026-09-10 17:43:03.953820,Banana,13.47,86.59,0.11,NORMAL,2026-09-10,17,43,13.0,14.0,85.0,95.0,0.0,0.0,0.0,0.0,0.0,0.0,Low,False,False,False
CONT_002,2026-09-10 17:43:05.954250,Mango,12.46,89.53,0.1,NORMAL,2026-09-10,17,43,10.0,13.0,85.0,90.0,0.0,0.0,0.0,0.0,0.0,0.0,Low,False,False,False
CONT_002,2026-09-10 17:43:05.972327,Tomato,11.13,93.18,0.07,NORMAL,2026-09-10,17,43,10.0,12.0,85.0,95.0,0.0,0.0,0.0,0.0,0.0,0.0,Low,False,False,False
CONT_002,2026-09-10 17:43:07.956955,Avocado,8.56,86.4,0.07,NORMAL,2026-09-10,17,43,5.0,13.0,85.0,95.0,0.0,0.0,0.0,0.0,0.0,0.0,Low,False,False,False
CONT_004,2026-09-10 17:43:07.974991,Banana,10.51,100.0,0.33,WARNING,2026-09-10,17,43,13.0,14.0,85.0,95.0,2.49,5.0,0.49800000000000005,0.25,0.325,36.8,Medium,True,True,False
CONT_005,2026-09-10 17:43:09.959142,Mango,12.32,85.91,0.09,NORMAL,2026-09-10,17,43,10.0,13.0,85.0,90.0,0.0,0.0,0.0,0.0,0.0,0.0,Low,False,False,False
CONT_003,2026-09-10 17:43:09.980574,Tomato,10.68,94.61,0.07,NORMAL,2026-09-10,17,43,10.0,12.0,85.0,95.0,0.0,0.0,0.0,0.0,0.0,0.0,Low,False,False,False
CONT_004,2026-09-10 17:43:11.965714,Banana,13.36,93.73,0.09,NORMAL,2026-09-10,17,43,13.0,14.0,85.0,95.0,0.0,0.0,0.0,0.0,0.0,0.0,Low,False,False,False
CONT_005,2026-09-10 17:43:11.984097,Tomato,11.38,90.51,0.2,NORMAL,2026-09-10,17,43,10.0,12.0,85.0,95.0,0.0,0.0,0.0,0.0,0.0,0.0,Low,False,False,False
CONT_004,2026-09-10 17:43:13.969233,Mango,12.86,88.39,0.16,NORMAL,2026-09-10,17,43,10.0,13.0,85.0,90.0,0.0,0.0,0.0,0.0,0.0,0.0,Low,False,False,False
CONT_002,2026-09-10 17:43:13.986880,Avocado,7.04,89.34,0.15,NORMAL,2026-09-10,17,43,5.0,13.0,85.0,95.0,0.0,0.0,0.0,0.0,0.0,0.0,Low,False,False,False
CONT_005,2026-09-10 17:43:15.972313,Tomato,11.14,89.23,0.09,NORMAL,2026-09-10,17,43,10.0,12.0,85.0,95.0,0.0,0.0,0.0,0.0,0.0,0.0,Low,False,False,False
CONT_002,2026-09-10 17:43:15.989794,Avocado,7.31,89.79,0.19,NORMAL,2026-09-10,17,43,5.0,13.0,85.0,95.0,0.0,0.0,0.0,0.0,0.0,0.0,Low,False,False,False
CONT_005,2026-09-10 17:43:18.101690,Banana,16.45,61.86,0.34,WARNING,2026-09-10,17,43,13.0,14.0,85.0,95.0,2.45,23.14,0.49000000000000005,1.0,0.35000000000000003,63.35,High,True,True,False
CONT_004,2026-09-10 17:43:18.101921,Banana,10.44,64.39,0.23,WARNING,2026-09-10,17,43,13.0,14.0,85.0,95.0,2.56,20.61,0.512,1.0,0.075,57.36,Medium,True,True,False
CONT_003,2026-09-10 17:43:20.216835,Tomato,11.59,94.84,0.12,NORMAL,2026-09-10,17,43,10.0,12.0,85.0,95.0,0.0,0.0,0.0,0.0,0.0,0.0,Low,False,False,False
CONT_002,2026-09-10 17:43:20.198887,Banana,11.58,100.0,0.33,WARNING,2026-09-10,17,43,13.0,14.0,85.0,95.0,1.42,5.0,0.284,0.25,0.325,28.24,Medium,True,True,False
CONT_004,2026-09-10 17:43:22.475696,Mango,12.9,85.6,0.15,NORMAL,2026-09-10,17,43,10.0,13.0,85.0,90.0,0.0,0.0,0.0,0.0,0.0,0.0,Low,False,False,False
CONT_005,2026-09-10 17:43:22.475559,Tomato,11.54,88.39,0.12,NORMAL,2026-09-10,17,43,10.0,12.0,85.0,95.0,0.0,0.0,0.0,0.0,0.0,0.0,Low,False,False,False
CONT_003,2026-09-10 17:43:24.822214,Mango,4.8,100.0,0.4,ANOMALY,2026-09-10,17,43,10.0,13.0,85.0,90.0,5.2,10.0,1.0,0.5,0.5,70.0,High,True,True,True
CONT_001,2026-09-10 17:43:24.822198,Tomato,11.88,87.58,0.06,NORMAL,2026-09-10,17,43,10.0,12.0,85.0,95.0,0.0,0.0,0.0,0.0,0.0,0.0,Low,False,False,False
CONT_005,2026-09-10 17:43:26.948456,Tomato,4.05,100.0,0.36,ANOMALY,2026-09-10,17,43,10.0,12.0,85.0,95.0,5.95,5.0,1.0,0.25,0.3999999999999999,58.75,Medium,True,True,True
CONT_002,2026-09-10 17:43:26.949478,Mango,15.56,73.39,0.32,WARNING,2026-09-10,17,43,10.0,13.0,85.0,90.0,2.56,11.61,0.512,0.5805,0.3,48.3,Medium,True,True,False
CONT_003,2026-09-10 17:43:28.952712,Mango,12.37,86.74,0.07,NORMAL,2026-09-10,17,43,10.0,13.0,85.0,90.0,0.0,0.0,0.0,0.0,0.0,0.0,Low,False,False,False
CONT_003,2026-09-10 17:43:28.959265,Mango,12.81,88.93,0.06,NORMAL,2026-09-10,17,43,10.0,13.0,85.0,90.0,0.0,0.0,0.0,0.0,0.0,0.0,Low,False,False,False
CONT_001,2026-09-10 17:43:30.955531,Tomato,11.28,91.27,0.15,NORMAL,2026-09-10,17,43,10.0,12.0,85.0,95.0,0.0,0.0,0.0,0.0,0.0,0.0,Low,False,False,False
CONT_002,2026-09-10 17:43:30.966041,Banana,13.86,87.72,0.06,NORMAL,2026-09-10,17,43,13.0,14.0,85.0,95.0,0.0,0.0,0.0,0.0,0.0,0.0,Low,False,False,False
CONT_004,2026-09-10 17:43:32.958318,Mango,16.18,63.47,0.42,ANOMALY,2026-09-10,17,43,10.0,13.0,85.0,90.0,3.18,21.53,0.636,1.0,0.5499999999999999,74.19,High,True,True,True
CONT_003,2026-09-10 17:43:32.971514,Avocado,15.74,71.89,0.32,WARNING,2026-09-10,17,43,5.0,13.0,85.0,95.0,2.74,13.11,0.548,0.6555,0.3,52.36,Medium,True,True,False
CONT_005,2026-09-10 17:43:34.988338,Tomato,7.76,100.0,0.26,WARNING,2026-09-10,17,43,10.0,12.0,85.0,95.0,2.24,5.0,0.44800000000000006,0.25,0.15,30.42,Medium,True,True,False
CONT_005,2026-09-10 17:43:35.186048,Mango,10.52,88.92,0.07,NORMAL,2026-09-10,17,43,10.0,13.0,85.0,90.0,0.0,0.0,0.0,0.0,0.0,0.0,Low,False,False,False
CONT_004,2026-09-10 17:43:37.002294,Banana,8.06,100.0,0.36,ANOMALY,2026-09-10,17,43,13.0,14.0,85.0,95.0,4.94,5.0,0.9880000000000001,0.25,0.3999999999999999,58.27,Medium,True,True,True
CONT_004,2026-09-10 17:43:37.322768,Tomato,10.31,86.27,0.08,NORMAL,2026-09-10,17,43,10.0,12.0,85.0,95.0,0.0,0.0,0.0,0.0,0.0,0.0,Low,False,False,False
CONT_005,2026-09-10 17:43:39.010761,Avocado,10.69,85.99,0.05,NORMAL,2026-09-10,17,43,5.0,13.0,85.0,95.0,0.0,0.0,0.0,0.0,0.0,0.0,Low,False,False,False
CONT_003,2026-09-10 17:43:39.328512,Banana,13.29,89.59,0.2,NORMAL,2026-09-10,17,43,13.0,14.0,85.0,95.0,0.0,0.0,0.0,0.0,0.0,0.0,Low,False,False,False
CONT_004,2026-09-10 17:43:41.015392,Banana,13.79,89.34,0.19,NORMAL,2026-09-10,17,43,13.0,14.0,85.0,95.0,0.0,0.0,0.0,0.0,0.0,0.0,Low,False,False,False
CONT_002,2026-09-10 17:43:41.331802,Mango,11.34,87.8,0.17,NORMAL,2026-09-10,17,43,10.0,13.0,85.0,90.0,0.0,0.0,0.0,0.0,0.0,0.0,Low,False,False,False
CONT_002,2026-09-10 17:43:43.018401,Avocado,6.98,85.22,0.17,NORMAL,2026-09-10,17,43,5.0,13.0,85.0,95.0,0.0,0.0,0.0,0.0,0.0,0.0,Low,False,False,False
CONT_004,2026-09-10 17:43:43.334419,Mango,11.54,85.16,0.18,NORMAL,2026-09-10,17,43,10.0,13.0,85.0,90.0,0.0,0.0,0.0,0.0,0.0,0.0,Low,False,False,False
CONT_005,2026-09-10 17:43:45.021646,Banana,13.63,88.18,0.16,NORMAL,2026-09-10,17,43,13.0,14.0,85.0,95.0,0.0,0.0,0.0,0.0,0.0,0.0,Low,False,False,False
CONT_004,2026-09-10 17:43:45.338114,Tomato,13.97,100.0,0.27,WARNING,2026-09-10,17,43,10.0,12.0,85.0,95.0,1.97,5.0,0.394,0.25,0.17500000000000002,28.88,Medium,True,True,False
CONT_003,2026-09-10 17:43:47.031753,Avocado,6.36,91.0,0.07,NORMAL,2026-09-10,17,43,5.0,13.0,85.0,95.0,0.0,0.0,0.0,0.0,0.0,0.0,Low,False,False,False
CONT_002,2026-09-10 17:43:47.345312,Tomato,8.87,100.0,0.21,WARNING,2026-09-10,17,43,10.0,12.0,85.0,95.0,1.13,5.0,0.22599999999999998,0.25,0.024999999999999953,18.42,Low,True,True,False
CONT_003,2026-09-10 17:43:49.034522,Banana,13.0,88.04,0.07,NORMAL,2026-09-10,17,43,13.0,14.0,85.0,95.0,0.0,0.0,0.0,0.0,0.0,0.0,Low,False,False,False
CONT_004,2026-09-10 17:43:49.349369,Banana,16.93,100.0,0.32,WARNING,2026-09-10,17,43,13.0,14.0,85.0,95.0,2.93,5.0,0.5860000000000001,0.25,0.3,39.69,Medium,True,True,False
CONT_005,2026-09-10 17:43:51.037908,Mango,17.14,67.35,0.55,ANOMALY,2026-09-10,17,43,10.0,13.0,85.0,90.0,4.14,17.65,0.828,0.8825,0.875,85.88,Critical,True,True,True
CONT_004,2026-09-10 17:43:51.352327,Banana,15.89,100.0,0.26,WARNING,2026-09-10,17,43,13.0,14.0,85.0,95.0,1.89,5.0,0.378,0.25,0.15,27.62,Medium,True,True,False
CONT_001,2026-09-10 17:43:53.042303,Tomato,7.19,100.0,0.32,WARNING,2026-09-10,17,43,10.0,12.0,85.0,95.0,2.81,5.0,0.562,0.25,0.3,38.73,Medium,True,True,False
CONT_001,2026-09-10 17:43:53.355281,Avocado,10.61,85.58,0.15,NORMAL,2026-09-10,17,43,5.0,13.0,85.0,95.0,0.0,0.0,0.0,0.0,0.0,0.0,Low,False,False,False
CONT_002,2026-09-10 17:43:55.047653,Banana,11.44,100.0,0.29,WARNING,2026-09-10,17,43,13.0,14.0,85.0,95.0,1.56,5.0,0.312,0.25,0.22499999999999992,26.85,Medium,True,True,False
CONT_001,2026-09-10 17:43:55.357950,Avocado,7.31,87.11,0.06,NORMAL,2026-09-10,17,43,5.0,13.0,85.0,95.0,0.0,0.0,0.0,0.0,0.0,0.0,Low,False,False,False
CONT_002,2026-09-10 17:43:57.049885,Banana,11.87,100.0,0.27,WARNING,2026-09-10,17,43,13.0,14.0,85.0,95.0,1.13,5.0,0.22599999999999998,0.25,0.17500000000000002,22.17,Low,True,True,False
CONT_004,2026-09-10 17:43:57.403563,Banana,13.31,94.14,0.11,NORMAL,2026-09-10,17,43,13.0,14.0,85.0,95.0,0.0,0.0,0.0,0.0,0.0,0.0,Low,False,False,False
CONT_001,2026-09-10 17:43:59.053960,Banana,13.21,88.79,0.05,NORMAL,2026-09-10,17,43,13.0,14.0,85.0,95.0,0.0,0.0,0.0,0.0,0.0,0.0,Low,False,False,False
CONT_005,2026-09-10 17:43:59.423185,Avocado,9.95,86.54,0.15,NORMAL,2026-09-10,17,43,5.0,13.0,85.0,95.0,0.0,0.0,0.0,0.0,0.0,0.0,Low,False,False,False
CONT_005,2026-09-10 17:44:01.056101,Avocado,7.97,90.41,0.15,NORMAL,2026-09-10,17,44,5.0,13.0,85.0,95.0,0.0,0.0,0.0,0.0,0.0,0.0,Low,False,False,False
CONT_002,2026-09-10 17:44:01.427474,Mango,7.02,100.0,0.22,WARNING,2026-09-10,17,44,10.0,13.0,85.0,90.0,2.98,10.0,0.596,0.5,0.049999999999999975,42.59,Medium,True,True,False
CONT_005,2026-09-10 17:44:03.062540,Mango,10.74,87.04,0.17,NORMAL,2026-09-10,17,44,10.0,13.0,85.0,90.0,0.0,0.0,0.0,0.0,0.0,0.0,Low,False,False,False
CONT_002,2026-09-10 17:44:03.434465,Mango,12.78,86.65,0.09,NORMAL,2026-09-10,17,44,10.0,13.0,85.0,90.0,0.0,0.0,0.0,0.0,0.0,0.0,Low,False,False,False
CONT_004,2026-09-10 17:44:05.170311,Tomato,11.27,89.05,0.12,NORMAL,2026-09-10,17,44,10.0,12.0,85.0,95.0,0.0,0.0,0.0,0.0,0.0,0.0,Low,False,False,False
CONT_002,2026-09-10 17:44:05.482315,Tomato,10.39,85.02,0.18,NORMAL,2026-09-10,17,44,10.0,12.0,85.0,95.0,0.0,0.0,0.0,0.0,0.0,0.0,Low,False,False,False
CONT_001,2026-09-10 17:44:07.193027,Banana,17.75,100.0,0.38,ANOMALY,2026-09-10,17,44,13.0,14.0,85.0,95.0,3.75,5.0,0.75,0.25,0.44999999999999996,50.0,Medium,True,True,True
CONT_005,2026-09-10 17:44:07.501003,Banana,13.18,90.17,0.1,NORMAL,2026-09-10,17,44,13.0,14.0,85.0,95.0,0.0,0.0,0.0,0.0,0.0,0.0,Low,False,False,False
CONT_005,2026-09-10 17:44:09.195923,Banana,13.14,91.75,0.15,NORMAL,2026-09-10,17,44,13.0,14.0,85.0,95.0,0.0,0.0,0.0,0.0,0.0,0.0,Low,False,False,False
CONT_005,2026-09-10 17:44:09.503610,Avocado,3.26,68.96,0.22,WARNING,2026-09-10,17,44,5.0,13.0,85.0,95.0,1.74,16.04,0.348,0.8019999999999999,0.049999999999999975,43.24,Medium,True,True,False
CONT_004,2026-09-10 17:44:11.199656,Tomato,11.1,86.98,0.09,NORMAL,2026-09-10,17,44,10.0,12.0,85.0,95.0,0.0,0.0,0.0,0.0,0.0,0.0,Low,False,False,False
CONT_004,2026-09-10 17:44:11.508345,Banana,13.99,85.0,0.17,NORMAL,2026-09-10,17,44,13.0,14.0,85.0,95.0,0.0,0.0,0.0,0.0,0.0,0.0,Low,False,False,False
CONT_004,2026-09-10 17:44:13.202824,Banana,13.62,85.21,0.16,NORMAL,2026-09-10,17,44,13.0,14.0,85.0,95.0,0.0,0.0,0.0,0.0,0.0,0.0,Low,False,False,False
CONT_003,2026-09-10 17:44:13.517223,Tomato,10.91,87.24,0.1,NORMAL,2026-09-10,17,44,10.0,12.0,85.0,95.0,0.0,0.0,0.0,0.0,0.0,0.0,Low,False,False,False
CONT_004,2026-09-10 17:44:15.205440,Mango,11.61,88.12,0.09,NORMAL,2026-09-10,17,44,10.0,13.0,85.0,90.0,0.0,0.0,0.0,0.0,0.0,0.0,Low,False,False,False
CONT_001,2026-09-10 17:44:15.519992,Tomato,10.4,93.95,0.13,NORMAL,2026-09-10,17,44,10.0,12.0,85.0,95.0,0.0,0.0,0.0,0.0,0.0,0.0,Low,False,False,False
CONT_004,2026-09-10 17:44:17.212461,Mango,11.16,87.89,0.12,NORMAL,2026-09-10,17,44,10.0,13.0,85.0,90.0,0.0,0.0,0.0,0.0,0.0,0.0,Low,False,False,False
CONT_001,2026-09-10 17:44:17.523790,Tomato,8.85,100.0,0.26,WARNING,2026-09-10,17,44,10.0,12.0,85.0,95.0,1.15,5.0,0.22999999999999998,0.25,0.15,21.7,Low,True,True,False
CONT_004,2026-09-10 17:44:19.215647,Tomato,11.28,90.73,0.11,NORMAL,2026-09-10,17,44,10.0,12.0,85.0,95.0,0.0,0.0,0.0,0.0,0.0,0.0,Low,False,False,False
CONT_001,2026-09-10 17:44:19.529135,Banana,13.01,92.83,0.13,NORMAL,2026-09-10,17,44,13.0,14.0,85.0,95.0,0.0,0.0,0.0,0.0,0.0,0.0,Low,False,False,False
CONT_003,2026-09-10 17:44:21.218722,Tomato,11.12,85.7,0.16,NORMAL,2026-09-10,17,44,10.0,12.0,85.0,95.0,0.0,0.0,0.0,0.0,0.0,0.0,Low,False,False,False
CONT_005,2026-09-10 17:44:21.534615,Banana,13.88,94.05,0.11,NORMAL,2026-09-10,17,44,13.0,14.0,85.0,95.0,0.0,0.0,0.0,0.0,0.0,0.0,Low,False,False,False
CONT_005,2026-09-10 17:44:23.323782,Banana,13.0,94.95,0.16,NORMAL,2026-09-10,17,44,13.0,14.0,85.0,95.0,0.0,0.0,0.0,0.0,0.0,0.0,Low,False,False,False
CONT_003,2026-09-10 17:44:23.537403,Banana,10.21,74.1,0.21,WARNING,2026-09-10,17,44,13.0,14.0,85.0,95.0,2.79,10.9,0.558,0.545,0.024999999999999953,42.02,Medium,True,True,False
CONT_005,2026-09-10 17:44:25.351532,Banana,13.94,92.19,0.14,NORMAL,2026-09-10,17,44,13.0,14.0,85.0,95.0,0.0,0.0,0.0,0.0,0.0,0.0,Low,False,False,False
CONT_002,2026-09-10 17:44:25.542815,Mango,11.01,85.12,0.09,NORMAL,2026-09-10,17,44,10.0,13.0,85.0,90.0,0.0,0.0,0.0,0.0,0.0,0.0,Low,False,False,False
CONT_004,2026-09-10 17:44:27.354507,Avocado,11.24,87.75,0.1,NORMAL,2026-09-10,17,44,5.0,13.0,85.0,95.0,0.0,0.0,0.0,0.0,0.0,0.0,Low,False,False,False
CONT_004,2026-09-10 17:44:27.546651,Avocado,2.6,100.0,0.32,WARNING,2026-09-10,17,44,5.0,13.0,85.0,95.0,2.4,5.0,0.48,0.25,0.3,35.45,Medium,True,True,False
CONT_004,2026-09-10 17:44:29.358066,Mango,12.31,88.64,0.15,NORMAL,2026-09-10,17,44,10.0,13.0,85.0,90.0,0.0,0.0,0.0,0.0,0.0,0.0,Low,False,False,False
CONT_003,2026-09-10 17:44:29.548983,Mango,16.43,67.88,0.35,ANOMALY,2026-09-10,17,44,10.0,13.0,85.0,90.0,3.43,17.12,0.686,0.8560000000000001,0.3749999999999999,66.78,High,True,True,False
CONT_001,2026-09-10 17:44:31.362773,Banana,7.15,100.0,0.52,ANOMALY,2026-09-10,17,44,13.0,14.0,85.0,95.0,5.85,5.0,1.0,0.25,0.7999999999999999,68.75,High,True,True,True
CONT_005,2026-09-10 17:44:31.551793,Mango,10.88,85.45,0.12,NORMAL,2026-09-10,17,44,10.0,13.0,85.0,90.0,0.0,0.0,0.0,0.0,0.0,0.0,Low,False,False,False
CONT_003,2026-09-10 17:44:33.366523,Mango,7.84,72.87,0.29,WARNING,2026-09-10,17,44,10.0,13.0,85.0,90.0,2.16,12.13,0.43200000000000005,0.6065,0.22499999999999992,44.13,Medium,True,True,False
CONT_003,2026-09-10 17:44:33.554597,Tomato,16.06,100.0,0.49,ANOMALY,2026-09-10,17,44,10.0,12.0,85.0,95.0,4.06,5.0,0.8119999999999999,0.25,0.7249999999999999,59.36,Medium,True,True,True
CONT_001,2026-09-10 17:44:35.370504,Tomato,11.29,88.18,0.1,NORMAL,2026-09-10,17,44,10.0,12.0,85.0,95.0,0.0,0.0,0.0,0.0,0.0,0.0,Low,False,False,False
CONT_004,2026-09-10 17:44:35.557378,Banana,13.22,86.05,0.12,NORMAL,2026-09-10,17,44,13.0,14.0,85.0,95.0,0.0,0.0,0.0,0.0,0.0,0.0,Low,False,False,False
CONT_002,2026-09-10 17:44:37.387818,Tomato,11.54,90.44,0.07,NORMAL,2026-09-10,17,44,10.0,12.0,85.0,95.0,0.0,0.0,0.0,0.0,0.0,0.0,Low,False,False,False
CONT_001,2026-09-10 17:44:37.603431,Avocado,8.69,93.65,0.12,NORMAL,2026-09-10,17,44,5.0,13.0,85.0,95.0,0.0,0.0,0.0,0.0,0.0,0.0,Low,False,False,False
CONT_003,2026-09-10 17:44:39.403919,Mango,10.41,89.9,0.07,NORMAL,2026-09-10,17,44,10.0,13.0,85.0,90.0,0.0,0.0,0.0,0.0,0.0,0.0,Low,False,False,False
CONT_003,2026-09-10 17:44:39.611970,Tomato,7.23,100.0,0.2,WARNING,2026-09-10,17,44,10.0,12.0,85.0,95.0,2.77,5.0,0.554,0.25,0.0,30.91,Medium,True,True,False
CONT_005,2026-09-10 17:44:41.407126,Banana,10.49,67.26,0.29,WARNING,2026-09-10,17,44,13.0,14.0,85.0,95.0,2.51,17.74,0.502,0.8869999999999999,0.22499999999999992,56.75,Medium,True,True,False
CONT_005,2026-09-10 17:44:41.614665,Mango,8.99,69.01,0.34,WARNING,2026-09-10,17,44,10.0,13.0,85.0,90.0,1.01,15.99,0.202,0.7995,0.35000000000000003,44.81,Medium,True,True,False
CONT_002,2026-09-10 17:44:43.425331,Avocado,11.28,85.18,0.07,NORMAL,2026-09-10,17,44,5.0,13.0,85.0,95.0,0.0,0.0,0.0,0.0,0.0,0.0,Low,False,False,False
CONT_001,2026-09-10 17:44:43.618510,Avocado,-1.98,100.0,0.46,ANOMALY,2026-09-10,17,44,5.0,13.0,85.0,95.0,6.98,5.0,1.0,0.25,0.65,65.0,High,True,True,True
CONT_001,2026-09-10 17:44:45.428299,Banana,13.29,94.97,0.19,NORMAL,2026-09-10,17,44,13.0,14.0,85.0,95.0,0.0,0.0,0.0,0.0,0.0,0.0,Low,False,False,False
CONT_002,2026-09-10 17:44:45.636392,Banana,16.21,72.47,0.23,WARNING,2026-09-10,17,44,13.0,14.0,85.0,95.0,2.21,12.53,0.442,0.6265,0.075,41.48,Medium,True,True,False
CONT_004,2026-09-10 17:44:47.431392,Avocado,19.79,100.0,0.47,ANOMALY,2026-09-10,17,44,5.0,13.0,85.0,95.0,6.79,5.0,1.0,0.25,0.6749999999999998,65.62,High,True,True,True
CONT_001,2026-09-10 17:44:47.644396,Banana,13.97,91.96,0.17,NORMAL,2026-09-10,17,44,13.0,14.0,85.0,95.0,0.0,0.0,0.0,0.0,0.0,0.0,Low,False,False,False
CONT_001,2026-09-10 17:44:49.433704,Banana,9.39,72.64,0.42,ANOMALY,2026-09-10,17,44,13.0,14.0,85.0,95.0,3.61,12.36,0.722,0.618,0.5499999999999999,64.26,High,True,True,True
CONT_004,2026-09-10 17:44:49.649312,Banana,13.27,87.4,0.11,NORMAL,2026-09-10,17,44,13.0,14.0,85.0,95.0,0.0,0.0,0.0,0.0,0.0,0.0,Low,False,False,False
CONT_001,2026-09-10 17:44:51.436899,Mango,12.81,85.87,0.12,NORMAL,2026-09-10,17,44,10.0,13.0,85.0,90.0,0.0,0.0,0.0,0.0,0.0,0.0,Low,False,False,False
CONT_001,2026-09-10 17:44:51.652132,Avocado,15.82,100.0,0.26,WARNING,2026-09-10,17,44,5.0,13.0,85.0,95.0,2.82,5.0,0.564,0.25,0.15,35.06,Medium,True,True,False
CONT_003,2026-09-10 17:44:53.439614,Banana,13.46,86.01,0.13,NORMAL,2026-09-10,17,44,13.0,14.0,85.0,95.0,0.0,0.0,0.0,0.0,0.0,0.0,Low,False,False,False
CONT_002,2026-09-10 17:44:53.656646,Banana,15.4,100.0,0.23,WARNING,2026-09-10,17,44,13.0,14.0,85.0,95.0,1.4,5.0,0.27999999999999997,0.25,0.075,21.82,Low,True,True,False
CONT_001,2026-09-10 17:44:55.443626,Tomato,4.08,68.63,0.45,ANOMALY,2026-09-10,17,44,10.0,12.0,85.0,95.0,5.92,16.37,1.0,0.8185,0.625,84.27,Critical,True,True,True
CONT_003,2026-09-10 17:44:55.662947,Tomato,10.8,92.39,0.14,NORMAL,2026-09-10,17,44,10.0,12.0,85.0,95.0,0.0,0.0,0.0,0.0,0.0,0.0,Low,False,False,False
CONT_005,2026-09-10 17:44:57.446711,Tomato,7.02,100.0,0.25,WARNING,2026-09-10,17,44,10.0,12.0,85.0,95.0,2.98,5.0,0.596,0.25,0.12499999999999997,35.71,Medium,True,True,False
CONT_004,2026-09-10 17:44:57.668256,Banana,13.38,94.94,0.09,NORMAL,2026-09-10,17,44,13.0,14.0,85.0,95.0,0.0,0.0,0.0,0.0,0.0,0.0,Low,False,False,False
CONT_003,2026-09-10 17:44:59.449827,Banana,13.35,86.49,0.16,NORMAL,2026-09-10,17,44,13.0,14.0,85.0,95.0,0.0,0.0,0.0,0.0,0.0,0.0,Low,False,False,False
CONT_005,2026-09-10 17:44:59.670623,Tomato,10.22,87.38,0.2,NORMAL,2026-09-10,17,44,10.0,12.0,85.0,95.0,0.0,0.0,0.0,0.0,0.0,0.0,Low,False,False,False
CONT_001,2026-09-10 17:45:01.452929,Avocado,10.65,90.24,0.19,NORMAL,2026-09-10,17,45,5.0,13.0,85.0,95.0,0.0,0.0,0.0,0.0,0.0,0.0,Low,False,False,False
CONT_001,2026-09-10 17:45:01.673368,Avocado,14.71,68.08,0.23,WARNING,2026-09-10,17,45,5.0,13.0,85.0,95.0,1.71,16.92,0.34199999999999997,0.8460000000000001,0.075,45.17,Medium,True,True,False
CONT_004,2026-09-10 17:45:03.457827,Avocado,9.94,88.01,0.19,NORMAL,2026-09-10,17,45,5.0,13.0,85.0,95.0,0.0,0.0,0.0,0.0,0.0,0.0,Low,False,False,False
CONT_002,2026-09-10 17:45:03.678419,Tomato,11.25,93.92,0.15,NORMAL,2026-09-10,17,45,10.0,12.0,85.0,95.0,0.0,0.0,0.0,0.0,0.0,0.0,Low,False,False,False
CONT_002,2026-09-10 17:45:05.563380,Tomato,11.69,94.5,0.18,NORMAL,2026-09-10,17,45,10.0,12.0,85.0,95.0,0.0,0.0,0.0,0.0,0.0,0.0,Low,False,False,False
CONT_001,2026-09-10 17:45:05.681362,Avocado,15.42,100.0,0.27,WARNING,2026-09-10,17,45,5.0,13.0,85.0,95.0,2.42,5.0,0.484,0.25,0.17500000000000002,32.48,Medium,True,True,False
CONT_002,2026-09-10 17:45:07.566546,Avocado,7.93,93.08,0.18,NORMAL,2026-09-10,17,45,5.0,13.0,85.0,95.0,0.0,0.0,0.0,0.0,0.0,0.0,Low,False,False,False
CONT_001,2026-09-10 17:45:07.686388,Mango,11.72,89.28,0.15,NORMAL,2026-09-10,17,45,10.0,13.0,85.0,90.0,0.0,0.0,0.0,0.0,0.0,0.0,Low,False,False,False
CONT_004,2026-09-10 17:45:09.570417,Mango,12.95,88.12,0.16,NORMAL,2026-09-10,17,45,10.0,13.0,85.0,90.0,0.0,0.0,0.0,0.0,0.0,0.0,Low,False,False,False
CONT_003,2026-09-10 17:45:09.700041,Mango,8.05,100.0,0.32,WARNING,2026-09-10,17,45,10.0,13.0,85.0,90.0,1.95,10.0,0.39,0.5,0.3,40.6,Medium,True,True,False
CONT_004,2026-09-10 17:45:11.697573,Mango,17.24,68.99,0.42,ANOMALY,2026-09-10,17,45,10.0,13.0,85.0,90.0,4.24,16.01,0.8480000000000001,0.8005000000000001,0.5499999999999999,75.69,High,True,True,True
CONT_001,2026-09-10 17:45:11.819862,Tomato,11.73,92.55,0.09,NORMAL,2026-09-10,17,45,10.0,12.0,85.0,95.0,0.0,0.0,0.0,0.0,0.0,0.0,Low,False,False,False
CONT_002,2026-09-10 17:46:09.169871,Mango,12.79,86.3,0.09,NORMAL,2026-09-10,17,46,10.0,13.0,85.0,90.0,0.0,0.0,0.0,0.0,0.0,0.0,Low,False,False,False
CONT_003,2026-09-10 17:46:09.208350,Banana,13.76,94.58,0.12,NORMAL,2026-09-10,17,46,13.0,14.0,85.0,95.0,0.0,0.0,0.0,0.0,0.0,0.0,Low,False,False,False
CONT_005,2026-09-10 17:46:11.210433,Banana,13.58,88.61,0.05,NORMAL,2026-09-10,17,46,13.0,14.0,85.0,95.0,0.0,0.0,0.0,0.0,0.0,0.0,Low,False,False,False
CONT_001,2026-09-10 17:46:11.211941,Mango,19.45,100.0,0.48,ANOMALY,2026-09-10,17,46,10.0,13.0,85.0,90.0,6.45,10.0,1.0,0.5,0.6999999999999998,75.0,High,True,True,True
CONT_001,2026-09-10 17:46:13.212683,Avocado,3.45,100.0,0.34,WARNING,2026-09-10,17,46,5.0,13.0,85.0,95.0,1.55,5.0,0.31,0.25,0.35000000000000003,29.9,Medium,True,True,False
CONT_003,2026-09-10 17:46:13.214145,Avocado,2.37,66.3,0.26,WARNING,2026-09-10,17,46,5.0,13.0,85.0,95.0,2.63,18.7,0.526,0.9349999999999999,0.15,57.51,Medium,True,True,False
CONT_001,2026-09-10 17:46:15.216351,Mango,10.23,89.88,0.16,NORMAL,2026-09-10,17,46,10.0,13.0,85.0,90.0,0.0,0.0,0.0,0.0,0.0,0.0,Low,False,False,False
CONT_003,2026-09-10 17:46:15.215754,Tomato,10.32,89.03,0.2,NORMAL,2026-09-10,17,46,10.0,12.0,85.0,95.0,0.0,0.0,0.0,0.0,0.0,0.0,Low,False,False,False
CONT_005,2026-09-10 17:46:17.254708,Banana,13.59,93.79,0.14,NORMAL,2026-09-10,17,46,13.0,14.0,85.0,95.0,0.0,0.0,0.0,0.0,0.0,0.0,Low,False,False,False
CONT_001,2026-09-10 17:46:17.265761,Banana,10.3,100.0,0.31,WARNING,2026-09-10,17,46,13.0,14.0,85.0,95.0,2.7,5.0,0.54,0.25,0.27499999999999997,37.22,Medium,True,True,False
CONT_002,2026-09-10 17:46:19.268927,Mango,11.17,88.8,0.11,NORMAL,2026-09-10,17,46,10.0,13.0,85.0,90.0,0.0,0.0,0.0,0.0,0.0,0.0,Low,False,False,False
CONT_005,2026-09-10 17:46:19.341603,Mango,19.93,63.17,0.35,ANOMALY,2026-09-10,17,46,10.0,13.0,85.0,90.0,6.93,21.83,1.0,1.0,0.3749999999999999,84.38,Critical,True,True,False
CONT_001,2026-09-10 17:46:21.280819,Avocado,14.51,70.31,0.23,WARNING,2026-09-10,17,46,5.0,13.0,85.0,95.0,1.51,14.69,0.302,0.7344999999999999,0.075,39.66,Medium,True,True,False
CONT_004,2026-09-10 17:46:21.347301,Avocado,8.02,87.39,0.19,NORMAL,2026-09-10,17,46,5.0,13.0,85.0,95.0,0.0,0.0,0.0,0.0,0.0,0.0,Low,False,False,False
CONT_002,2026-09-10 17:46:23.313563,Banana,13.57,85.52,0.05,NORMAL,2026-09-10,17,46,13.0,14.0,85.0,95.0,0.0,0.0,0.0,0.0,0.0,0.0,Low,False,False,False
CONT_004,2026-09-10 17:46:23.351186,Mango,16.72,63.57,0.51,ANOMALY,2026-09-10,17,46,10.0,13.0,85.0,90.0,3.72,21.43,0.744,1.0,0.7749999999999999,84.14,Critical,True,True,True
CONT_004,2026-09-10 17:46:25.414850,Avocado,6.32,91.84,0.09,NORMAL,2026-09-10,17,46,5.0,13.0,85.0,95.0,0.0,0.0,0.0,0.0,0.0,0.0,Low,False,False,False
CONT_005,2026-09-10 17:46:25.414736,Tomato,11.37,89.53,0.12,NORMAL,2026-09-10,17,46,10.0,12.0,85.0,95.0,0.0,0.0,0.0,0.0,0.0,0.0,Low,False,False,False
CONT_004,2026-09-10 17:46:27.589558,Avocado,-1.66,70.03,0.53,ANOMALY,2026-09-10,17,46,5.0,13.0,85.0,95.0,6.66,14.97,1.0,0.7485,0.825,86.82,Critical,True,True,True
CONT_002,2026-09-10 17:46:27.589152,Mango,12.48,89.2,0.11,NORMAL,2026-09-10,17,46,10.0,13.0,85.0,90.0,0.0,0.0,0.0,0.0,0.0,0.0,Low,False,False,False
CONT_002,2026-09-10 17:46:29.725522,Avocado,6.21,91.9,0.19,NORMAL,2026-09-10,17,46,5.0,13.0,85.0,95.0,0.0,0.0,0.0,0.0,0.0,0.0,Low,False,False,False
CONT_003,2026-09-10 17:46:29.729816,Mango,11.4,88.62,0.09,NORMAL,2026-09-10,17,46,10.0,13.0,85.0,90.0,0.0,0.0,0.0,0.0,0.0,0.0,Low,False,False,False
CONT_005,2026-09-10 17:46:31.736112,Mango,12.68,86.78,0.13,NORMAL,2026-09-10,17,46,10.0,13.0,85.0,90.0,0.0,0.0,0.0,0.0,0.0,0.0,Low,False,False,False
CONT_003,2026-09-10 17:46:31.738317,Banana,10.99,65.96,0.21,WARNING,2026-09-10,17,46,13.0,14.0,85.0,95.0,2.01,19.04,0.40199999999999997,0.952,0.024999999999999953,50.02,Medium,True,True,False
CONT_001,2026-09-10 17:46:33.739078,Mango,14.02,72.61,0.26,WARNING,2026-09-10,17,46,10.0,13.0,85.0,90.0,1.02,12.39,0.20400000000000001,0.6195,0.15,33.59,Medium,True,True,False
CONT_003,2026-09-10 17:46:33.750221,Tomato,10.45,86.28,0.07,NORMAL,2026-09-10,17,46,10.0,12.0,85.0,95.0,0.0,0.0,0.0,0.0,0.0,0.0,Low,False,False,False
CONT_002,2026-09-10 17:46:35.742872,Banana,13.96,85.17,0.09,NORMAL,2026-09-10,17,46,13.0,14.0,85.0,95.0,0.0,0.0,0.0,0.0,0.0,0.0,Low,False,False,False
CONT_004,2026-09-10 17:46:35.752810,Mango,12.87,85.72,0.11,NORMAL,2026-09-10,17,46,10.0,13.0,85.0,90.0,0.0,0.0,0.0,0.0,0.0,0.0,Low,False,False,False
CONT_003,2026-09-10 17:46:37.745192,Avocado,10.85,90.93,0.14,NORMAL,2026-09-10,17,46,5.0,13.0,85.0,95.0,0.0,0.0,0.0,0.0,0.0,0.0,Low,False,False,False
CONT_003,2026-09-10 17:46:37.755725,Tomato,18.02,100.0,0.47,ANOMALY,2026-09-10,17,46,10.0,12.0,85.0,95.0,6.02,5.0,1.0,0.25,0.6749999999999998,65.62,High,True,True,True
CONT_005,2026-09-10 17:46:39.750339,Tomato,11.9,89.96,0.07,NORMAL,2026-09-10,17,46,10.0,12.0,85.0,95.0,0.0,0.0,0.0,0.0,0.0,0.0,Low,False,False,False
CONT_002,2026-09-10 17:46:39.760542,Mango,12.19,87.75,0.18,NORMAL,2026-09-10,17,46,10.0,13.0,85.0,90.0,0.0,0.0,0.0,0.0,0.0,0.0,Low,False,False,False
CONT_005,2026-09-10 17:46:41.754167,Tomato,6.45,100.0,0.59,ANOMALY,2026-09-10,17,46,10.0,12.0,85.0,95.0,3.55,5.0,0.71,0.25,0.9749999999999999,61.52,High,True,True,True
CONT_004,2026-09-10 17:46:41.764894,Avocado,15.54,73.41,0.25,WARNING,2026-09-10,17,46,5.0,13.0,85.0,95.0,2.54,11.59,0.508,0.5795,0.12499999999999997,43.73,Medium,True,True,False
CONT_005,2026-09-10 17:46:43.758679,Avocado,6.9,85.95,0.19,NORMAL,2026-09-10,17,46,5.0,13.0,85.0,95.0,0.0,0.0,0.0,0.0,0.0,0.0,Low,False,False,False
CONT_002,2026-09-10 17:46:43.769589,Banana,13.54,85.16,0.07,NORMAL,2026-09-10,17,46,13.0,14.0,85.0,95.0,0.0,0.0,0.0,0.0,0.0,0.0,Low,False,False,False
CONT_005,2026-09-10 17:46:45.762648,Mango,10.75,86.4,0.2,NORMAL,2026-09-10,17,46,10.0,13.0,85.0,90.0,0.0,0.0,0.0,0.0,0.0,0.0,Low,False,False,False
CONT_005,2026-09-10 17:46:47.765767,Banana,13.72,94.02,0.19,NORMAL,2026-09-10,17,46,13.0,14.0,85.0,95.0,0.0,0.0,0.0,0.0,0.0,0.0,Low,False,False,False
CONT_004,2026-09-10 17:46:49.768624,Mango,17.74,100.0,0.35,ANOMALY,2026-09-10,17,46,10.0,13.0,85.0,90.0,4.74,10.0,0.9480000000000001,0.5,0.3749999999999999,64.8,High,True,True,False
CONT_002,2026-09-10 17:46:51.771026,Mango,12.29,85.23,0.2,NORMAL,2026-09-10,17,46,10.0,13.0,85.0,90.0,0.0,0.0,0.0,0.0,0.0,0.0,Low,False,False,False
CONT_004,2026-09-10 17:46:53.777810,Avocado,9.1,86.47,0.12,NORMAL,2026-09-10,17,46,5.0,13.0,85.0,95.0,0.0,0.0,0.0,0.0,0.0,0.0,Low,False,False,False
CONT_002,2026-09-10 17:46:55.780633,Tomato,10.04,91.66,0.1,NORMAL,2026-09-10,17,46,10.0,12.0,85.0,95.0,0.0,0.0,0.0,0.0,0.0,0.0,Low,False,False,False
CONT_001,2026-09-10 17:46:57.783329,Tomato,10.97,91.62,0.09,NORMAL,2026-09-10,17,46,10.0,12.0,85.0,95.0,0.0,0.0,0.0,0.0,0.0,0.0,Low,False,False,False
CONT_003,2026-09-10 17:46:59.986796,Avocado,10.08,92.21,0.12,NORMAL,2026-09-10,17,46,5.0,13.0,85.0,95.0,0.0,0.0,0.0,0.0,0.0,0.0,Low,False,False,False
CONT_004,2026-09-10 17:47:02.019583,Avocado,18.26,60.25,0.56,ANOMALY,2026-09-10,17,47,5.0,13.0,85.0,95.0,5.26,24.75,1.0,1.0,0.9,97.5,Critical,True,True,True
CONT_005,2026-09-10 17:47:04.035890,Tomato,8.23,100.0,0.24,WARNING,2026-09-10,17,47,10.0,12.0,85.0,95.0,1.77,5.0,0.354,0.25,0.09999999999999995,25.41,Medium,True,True,False
CONT_002,2026-09-10 17:47:06.042274,Mango,11.22,88.46,0.06,NORMAL,2026-09-10,17,47,10.0,13.0,85.0,90.0,0.0,0.0,0.0,0.0,0.0,0.0,Low,False,False,False
CONT_005,2026-09-10 17:47:08.048201,Avocado,9.86,87.02,0.19,NORMAL,2026-09-10,17,47,5.0,13.0,85.0,95.0,0.0,0.0,0.0,0.0,0.0,0.0,Low,False,False,False
CONT_001,2026-09-10 17:47:10.059701,Banana,9.55,70.71,0.48,ANOMALY,2026-09-10,17,47,13.0,14.0,85.0,95.0,3.45,14.29,0.6900000000000001,0.7144999999999999,0.6999999999999998,70.11,High,True,True,True
CONT_003,2026-09-10 17:47:12.133045,Tomato,11.27,94.12,0.19,NORMAL,2026-09-10,17,47,10.0,12.0,85.0,95.0,0.0,0.0,0.0,0.0,0.0,0.0,Low,False,False,False
CONT_001,2026-09-10 17:47:14.151330,Tomato,10.53,86.25,0.19,NORMAL,2026-09-10,17,47,10.0,12.0,85.0,95.0,0.0,0.0,0.0,0.0,0.0,0.0,Low,False,False,False
CONT_004,2026-09-10 17:47:16.156195,Mango,11.29,89.26,0.08,NORMAL,2026-09-10,17,47,10.0,13.0,85.0,90.0,0.0,0.0,0.0,0.0,0.0,0.0,Low,False,False,False
CONT_001,2026-09-10 17:47:18.159355,Tomato,14.53,100.0,0.25,WARNING,2026-09-10,17,47,10.0,12.0,85.0,95.0,2.53,5.0,0.506,0.25,0.12499999999999997,32.12,Medium,True,True,False
CONT_001,2026-09-10 17:47:20.161922,Mango,12.36,85.01,0.08,NORMAL,2026-09-10,17,47,10.0,13.0,85.0,90.0,0.0,0.0,0.0,0.0,0.0,0.0,Low,False,False,False
CONT_003,2026-09-10 17:47:22.165452,Avocado,1.17,70.43,0.57,ANOMALY,2026-09-10,17,47,5.0,13.0,85.0,95.0,3.83,14.57,0.766,0.7285,0.9249999999999998,79.26,High,True,True,True
CONT_005,2026-09-10 17:47:24.168115,Mango,4.8,73.66,0.47,ANOMALY,2026-09-10,17,47,10.0,13.0,85.0,90.0,5.2,11.34,1.0,0.567,0.6749999999999998,76.72,High,True,True,True
CONT_001,2026-09-10 17:47:26.171434,Mango,12.84,89.89,0.16,NORMAL,2026-09-10,17,47,10.0,13.0,85.0,90.0,0.0,0.0,0.0,0.0,0.0,0.0,Low,False,False,False
CONT_002,2026-09-10 17:47:28.176180,Tomato,11.74,94.25,0.06,NORMAL,2026-09-10,17,47,10.0,12.0,85.0,95.0,0.0,0.0,0.0,0.0,0.0,0.0,Low,False,False,False
CONT_001,2026-09-10 17:47:30.179939,Mango,10.69,85.46,0.14,NORMAL,2026-09-10,17,47,10.0,13.0,85.0,90.0,0.0,0.0,0.0,0.0,0.0,0.0,Low,False,False,False
CONT_005,2026-09-10 17:47:32.182659,Banana,20.93,68.24,0.41,ANOMALY,2026-09-10,17,47,13.0,14.0,85.0,95.0,6.93,16.76,1.0,0.8380000000000001,0.5249999999999999,82.46,Critical,True,True,True
CONT_005,2026-09-10 17:47:34.185785,Mango,11.98,85.9,0.07,NORMAL,2026-09-10,17,47,10.0,13.0,85.0,90.0,0.0,0.0,0.0,0.0,0.0,0.0,Low,False,False,False
CONT_004,2026-09-10 17:47:36.191568,Tomato,11.42,86.83,0.13,NORMAL,2026-09-10,17,47,10.0,12.0,85.0,95.0,0.0,0.0,0.0,0.0,0.0,0.0,Low,False,False,False
CONT_002,2026-09-10 17:47:38.194829,Mango,15.45,100.0,0.21,WARNING,2026-09-10,17,47,10.0,13.0,85.0,90.0,2.45,10.0,0.49000000000000005,0.5,0.024999999999999953,37.72,Medium,True,True,False
CONT_005,2026-09-10 17:47:40.197736,Mango,12.06,86.01,0.2,NORMAL,2026-09-10,17,47,10.0,13.0,85.0,90.0,0.0,0.0,0.0,0.0,0.0,0.0,Low,False,False,False
CONT_004,2026-09-10 17:47:42.200493,Tomato,11.21,88.63,0.09,NORMAL,2026-09-10,17,47,10.0,12.0,85.0,95.0,0.0,0.0,0.0,0.0,0.0,0.0,Low,False,False,False
CONT_002,2026-09-10 17:47:44.204013,Avocado,18.13,68.43,0.41,ANOMALY,2026-09-10,17,47,5.0,13.0,85.0,95.0,5.13,16.57,1.0,0.8285,0.5249999999999999,82.12,Critical,True,True,True
CONT_003,2026-09-10 17:47:46.211914,Mango,10.25,88.33,0.16,NORMAL,2026-09-10,17,47,10.0,13.0,85.0,90.0,0.0,0.0,0.0,0.0,0.0,0.0,Low,False,False,False
CONT_005,2026-09-10 17:47:48.215323,Tomato,13.73,67.28,0.22,WARNING,2026-09-10,17,47,10.0,12.0,85.0,95.0,1.73,17.72,0.346,0.8859999999999999,0.049999999999999975,46.1,Medium,True,True,False
CONT_003,2026-09-10 17:47:50.218061,Mango,7.27,100.0,0.21,WARNING,2026-09-10,17,47,10.0,13.0,85.0,90.0,2.73,10.0,0.546,0.5,0.024999999999999953,39.97,Medium,True,True,False
CONT_001,2026-09-10 17:47:52.223132,Tomato,11.31,94.27,0.06,NORMAL,2026-09-10,17,47,10.0,12.0,85.0,95.0,0.0,0.0,0.0,0.0,0.0,0.0,Low,False,False,False
CONT_003,2026-09-10 17:47:54.227633,Mango,8.89,100.0,0.32,WARNING,2026-09-10,17,47,10.0,13.0,85.0,90.0,1.11,10.0,0.22200000000000003,0.5,0.3,33.88,Medium,True,True,False
CONT_004,2026-09-10 17:47:56.623884,Tomato,11.54,92.35,0.05,NORMAL,2026-09-10,17,47,10.0,12.0,85.0,95.0,0.0,0.0,0.0,0.0,0.0,0.0,Low,False,False,False
CONT_002,2026-09-10 17:47:59.165407,Banana,13.88,90.12,0.08,NORMAL,2026-09-10,17,47,13.0,14.0,85.0,95.0,0.0,0.0,0.0,0.0,0.0,0.0,Low,False,False,False
CONT_002,2026-09-10 17:48:01.427984,Avocado,15.98,73.98,0.32,WARNING,2026-09-10,17,48,5.0,13.0,85.0,95.0,2.98,11.02,0.596,0.5509999999999999,0.3,50.62,Medium,True,True,False
CONT_002,2026-09-10 17:48:03.431979,Mango,12.92,88.32,0.09,NORMAL,2026-09-10,17,48,10.0,13.0,85.0,90.0,0.0,0.0,0.0,0.0,0.0,0.0,Low,False,False,False
CONT_004,2026-09-10 17:48:05.434646,Banana,16.45,100.0,0.32,WARNING,2026-09-10,17,48,13.0,14.0,85.0,95.0,2.45,5.0,0.49000000000000005,0.25,0.3,35.85,Medium,True,True,False
CONT_001,2026-09-10 17:48:07.439689,Avocado,5.1,86.37,0.07,NORMAL,2026-09-10,17,48,5.0,13.0,85.0,95.0,0.0,0.0,0.0,0.0,0.0,0.0,Low,False,False,False
CONT_001,2026-09-10 17:48:09.442059,Avocado,2.62,100.0,0.31,WARNING,2026-09-10,17,48,5.0,13.0,85.0,95.0,2.38,5.0,0.476,0.25,0.27499999999999997,34.66,Medium,True,True,False
CONT_001,2026-09-10 17:48:11.444256,Tomato,11.25,87.76,0.2,NORMAL,2026-09-10,17,48,10.0,12.0,85.0,95.0,0.0,0.0,0.0,0.0,0.0,0.0,Low,False,False,False
CONT_005,2026-09-10 17:48:13.447248,Banana,13.21,86.42,0.13,NORMAL,2026-09-10,17,48,13.0,14.0,85.0,95.0,0.0,0.0,0.0,0.0,0.0,0.0,Low,False,False,False
CONT_001,2026-09-10 17:48:15.467824,Avocado,7.61,85.21,0.09,NORMAL,2026-09-10,17,48,5.0,13.0,85.0,95.0,0.0,0.0,0.0,0.0,0.0,0.0,Low,False,False,False
CONT_005,2026-09-10 17:48:17.608143,Tomato,10.93,94.8,0.14,NORMAL,2026-09-10,17,48,10.0,12.0,85.0,95.0,0.0,0.0,0.0,0.0,0.0,0.0,Low,False,False,False
CONT_004,2026-09-10 17:48:19.616340,Mango,12.66,86.14,0.18,NORMAL,2026-09-10,17,48,10.0,13.0,85.0,90.0,0.0,0.0,0.0,0.0,0.0,0.0,Low,False,False,False
CONT_002,2026-09-10 17:48:21.645542,Tomato,10.81,85.64,0.18,NORMAL,2026-09-10,17,48,10.0,12.0,85.0,95.0,0.0,0.0,0.0,0.0,0.0,0.0,Low,False,False,False
CONT_005,2026-09-10 17:48:23.657122,Banana,17.73,69.82,0.42,ANOMALY,2026-09-10,17,48,13.0,14.0,85.0,95.0,3.73,15.18,0.746,0.759,0.5499999999999999,70.15,High,True,True,True
CONT_002,2026-09-10 17:48:25.664186,Tomato,11.78,92.07,0.12,NORMAL,2026-09-10,17,48,10.0,12.0,85.0,95.0,0.0,0.0,0.0,0.0,0.0,0.0,Low,False,False,False
CONT_002,2026-09-10 17:48:27.669005,Tomato,7.29,100.0,0.28,WARNING,2026-09-10,17,48,10.0,12.0,85.0,95.0,2.71,5.0,0.542,0.25,0.20000000000000004,35.43,Medium,True,True,False
CONT_004,2026-09-10 17:48:30.032095,Avocado,7.62,87.95,0.13,NORMAL,2026-09-10,17,48,5.0,13.0,85.0,95.0,0.0,0.0,0.0,0.0,0.0,0.0,Low,False,False,False
CONT_004,2026-09-10 17:48:32.315846,Mango,11.31,87.04,0.08,NORMAL,2026-09-10,17,48,10.0,13.0,85.0,90.0,0.0,0.0,0.0,0.0,0.0,0.0,Low,False,False,False
CONT_005,2026-09-10 17:48:34.322774,Mango,12.7,86.06,0.18,NORMAL,2026-09-10,17,48,10.0,13.0,85.0,90.0,0.0,0.0,0.0,0.0,0.0,0.0,Low,False,False,False
CONT_004,2026-09-10 17:48:36.327198,Tomato,13.51,65.39,0.2,WARNING,2026-09-10,17,48,10.0,12.0,85.0,95.0,1.51,19.61,0.302,0.9804999999999999,0.0,46.4,Medium,True,True,False
CONT_004,2026-09-10 17:48:38.329675,Banana,13.77,92.03,0.09,NORMAL,2026-09-10,17,48,13.0,14.0,85.0,95.0,0.0,0.0,0.0,0.0,0.0,0.0,Low,False,False,False
CONT_001,2026-09-10 17:48:40.767786,Tomato,14.81,66.14,0.27,WARNING,2026-09-10,17,48,10.0,12.0,85.0,95.0,2.81,18.86,0.562,0.943,0.17500000000000002,59.86,Medium,True,True,False
CONT_005,2026-09-10 17:48:42.911578,Banana,13.1,94.93,0.11,NORMAL,2026-09-10,17,48,13.0,14.0,85.0,95.0,0.0,0.0,0.0,0.0,0.0,0.0,Low,False,False,False
CONT_005,2026-09-10 17:48:44.914325,Mango,12.75,86.9,0.06,NORMAL,2026-09-10,17,48,10.0,13.0,85.0,90.0,0.0,0.0,0.0,0.0,0.0,0.0,Low,False,False,False
CONT_004,2026-09-10 17:48:46.918043,Tomato,10.04,93.3,0.06,NORMAL,2026-09-10,17,48,10.0,12.0,85.0,95.0,0.0,0.0,0.0,0.0,0.0,0.0,Low,False,False,False
CONT_001,2026-09-10 17:48:48.924339,Banana,13.24,90.4,0.15,NORMAL,2026-09-10,17,48,13.0,14.0,85.0,95.0,0.0,0.0,0.0,0.0,0.0,0.0,Low,False,False,False
CONT_002,2026-09-10 17:48:50.928197,Banana,13.37,92.21,0.08,NORMAL,2026-09-10,17,48,13.0,14.0,85.0,95.0,0.0,0.0,0.0,0.0,0.0,0.0,Low,False,False,False
CONT_001,2026-09-10 17:48:52.930889,Tomato,11.63,87.58,0.2,NORMAL,2026-09-10,17,48,10.0,12.0,85.0,95.0,0.0,0.0,0.0,0.0,0.0,0.0,Low,False,False,False
CONT_003,2026-09-10 17:48:54.933656,Avocado,2.02,62.59,0.35,WARNING,2026-09-10,17,48,5.0,13.0,85.0,95.0,2.98,22.41,0.596,1.0,0.3749999999999999,68.22,High,True,True,False
CONT_001,2026-09-10 17:48:56.940563,Tomato,10.03,90.46,0.16,NORMAL,2026-09-10,17,48,10.0,12.0,85.0,95.0,0.0,0.0,0.0,0.0,0.0,0.0,Low,False,False,False
CONT_001,2026-09-10 17:48:58.943382,Tomato,14.45,65.14,0.24,WARNING,2026-09-10,17,48,10.0,12.0,85.0,95.0,2.45,19.86,0.49000000000000005,0.993,0.09999999999999995,56.86,Medium,True,True,False
CONT_002,2026-09-10 17:49:00.946055,Banana,13.56,94.43,0.1,NORMAL,2026-09-10,17,49,13.0,14.0,85.0,95.0,0.0,0.0,0.0,0.0,0.0,0.0,Low,False,False,False
CONT_005,2026-09-10 17:49:02.950306,Mango,8.48,100.0,0.21,WARNING,2026-09-10,17,49,10.0,13.0,85.0,90.0,1.52,10.0,0.304,0.5,0.024999999999999953,30.28,Medium,True,True,False
CONT_004,2026-09-10 17:49:04.956916,Avocado,12.21,90.53,0.16,NORMAL,2026-09-10,17,49,5.0,13.0,85.0,95.0,0.0,0.0,0.0,0.0,0.0,0.0,Low,False,False,False
CONT_004,2026-09-10 17:49:07.047462,Tomato,10.86,92.51,0.1,NORMAL,2026-09-10,17,49,10.0,12.0,85.0,95.0,0.0,0.0,0.0,0.0,0.0,0.0,Low,False,False,False
CONT_005,2026-09-10 17:49:09.432660,Tomato,10.71,88.02,0.09,NORMAL,2026-09-10,17,49,10.0,12.0,85.0,95.0,0.0,0.0,0.0,0.0,0.0,0.0,Low,False,False,False
CONT_005,2026-09-10 17:49:11.490561,Tomato,10.69,90.53,0.15,NORMAL,2026-09-10,17,49,10.0,12.0,85.0,95.0,0.0,0.0,0.0,0.0,0.0,0.0,Low,False,False,False
CONT_002,2026-09-10 17:49:13.497684,Mango,10.87,87.06,0.15,NORMAL,2026-09-10,17,49,10.0,13.0,85.0,90.0,0.0,0.0,0.0,0.0,0.0,0.0,Low,False,False,False
CONT_003,2026-09-10 17:49:15.631124,Avocado,7.62,88.64,0.11,NORMAL,2026-09-10,17,49,5.0,13.0,85.0,95.0,0.0,0.0,0.0,0.0,0.0,0.0,Low,False,False,False
CONT_002,2026-09-10 17:49:17.718732,Avocado,12.82,85.5,0.17,NORMAL,2026-09-10,17,49,5.0,13.0,85.0,95.0,0.0,0.0,0.0,0.0,0.0,0.0,Low,False,False,False
CONT_005,2026-09-10 17:49:19.727351,Tomato,8.65,74.85,0.3,WARNING,2026-09-10,17,49,10.0,12.0,85.0,95.0,1.35,10.15,0.27,0.5075000000000001,0.24999999999999994,34.81,Medium,True,True,False
CONT_005,2026-09-10 17:49:21.731885,Mango,12.28,89.22,0.15,NORMAL,2026-09-10,17,49,10.0,13.0,85.0,90.0,0.0,0.0,0.0,0.0,0.0,0.0,Low,False,False,False
CONT_003,2026-09-10 17:49:23.735111,Banana,6.87,100.0,0.46,ANOMALY,2026-09-10,17,49,13.0,14.0,85.0,95.0,6.13,5.0,1.0,0.25,0.65,65.0,High,True,True,True
CONT_001,2026-09-10 17:49:25.976526,Avocado,15.87,100.0,0.23,WARNING,2026-09-10,17,49,5.0,13.0,85.0,95.0,2.87,5.0,0.5740000000000001,0.25,0.075,33.58,Medium,True,True,False
CONT_004,2026-09-10 17:49:29.623042,Tomato,7.87,74.69,0.21,WARNING,2026-09-10,17,49,10.0,12.0,85.0,95.0,2.13,10.31,0.426,0.5155000000000001,0.024999999999999953,35.71,Medium,True,True,False
CONT_004,2026-09-10 17:49:31.627057,Banana,13.86,92.92,0.11,NORMAL,2026-09-10,17,49,13.0,14.0,85.0,95.0,0.0,0.0,0.0,0.0,0.0,0.0,Low,False,False,False
CONT_001,2026-09-10 17:49:34.216337,Avocado,-1.47,100.0,0.54,ANOMALY,2026-09-10,17,49,5.0,13.0,85.0,95.0,6.47,5.0,1.0,0.25,0.85,70.0,High,True,True,True
CONT_005,2026-09-10 17:49:36.219820,Banana,13.86,93.41,0.18,NORMAL,2026-09-10,17,49,13.0,14.0,85.0,95.0,0.0,0.0,0.0,0.0,0.0,0.0,Low,False,False,False
CONT_001,2026-09-10 17:49:38.236584,Avocado,5.84,90.04,0.19,NORMAL,2026-09-10,17,49,5.0,13.0,85.0,95.0,0.0,0.0,0.0,0.0,0.0,0.0,Low,False,False,False
CONT_004,2026-09-10 17:49:40.258703,Tomato,11.64,89.44,0.07,NORMAL,2026-09-10,17,49,10.0,12.0,85.0,95.0,0.0,0.0,0.0,0.0,0.0,0.0,Low,False,False,False
CONT_001,2026-09-10 17:49:42.262421,Tomato,11.63,92.38,0.16,NORMAL,2026-09-10,17,49,10.0,12.0,85.0,95.0,0.0,0.0,0.0,0.0,0.0,0.0,Low,False,False,False
CONT_001,2026-09-10 17:49:44.264420,Avocado,7.04,91.64,0.17,NORMAL,2026-09-10,17,49,5.0,13.0,85.0,95.0,0.0,0.0,0.0,0.0,0.0,0.0,Low,False,False,False
CONT_002,2026-09-10 17:49:46.267293,Banana,13.69,86.58,0.15,NORMAL,2026-09-10,17,49,13.0,14.0,85.0,95.0,0.0,0.0,0.0,0.0,0.0,0.0,Low,False,False,False
CONT_005,2026-09-10 17:49:48.270349,Mango,10.11,85.82,0.13,NORMAL,2026-09-10,17,49,10.0,13.0,85.0,90.0,0.0,0.0,0.0,0.0,0.0,0.0,Low,False,False,False
CONT_003,2026-09-10 17:49:50.274560,Banana,13.99,88.39,0.12,NORMAL,2026-09-10,17,49,13.0,14.0,85.0,95.0,0.0,0.0,0.0,0.0,0.0,0.0,Low,False,False,False
CONT_004,2026-09-10 17:49:52.278751,Mango,12.87,87.12,0.1,NORMAL,2026-09-10,17,49,10.0,13.0,85.0,90.0,0.0,0.0,0.0,0.0,0.0,0.0,Low,False,False,False
CONT_002,2026-09-10 17:49:54.281632,Banana,13.45,94.82,0.18,NORMAL,2026-09-10,17,49,13.0,14.0,85.0,95.0,0.0,0.0,0.0,0.0,0.0,0.0,Low,False,False,False
CONT_003,2026-09-10 17:49:56.283646,Mango,11.0,88.39,0.14,NORMAL,2026-09-10,17,49,10.0,13.0,85.0,90.0,0.0,0.0,0.0,0.0,0.0,0.0,Low,False,False,False
CONT_003,2026-09-10 17:49:58.288204,Mango,11.75,89.81,0.15,NORMAL,2026-09-10,17,49,10.0,13.0,85.0,90.0,0.0,0.0,0.0,0.0,0.0,0.0,Low,False,False,False
CONT_005,2026-09-10 17:50:00.291578,Tomato,10.42,94.19,0.15,NORMAL,2026-09-10,17,50,10.0,12.0,85.0,95.0,0.0,0.0,0.0,0.0,0.0,0.0,Low,False,False,False
CONT_004,2026-09-10 17:50:02.294979,Avocado,11.97,87.34,0.09,NORMAL,2026-09-10,17,50,5.0,13.0,85.0,95.0,0.0,0.0,0.0,0.0,0.0,0.0,Low,False,False,False
CONT_005,2026-09-10 17:50:04.298448,Banana,13.97,92.12,0.19,NORMAL,2026-09-10,17,50,13.0,14.0,85.0,95.0,0.0,0.0,0.0,0.0,0.0,0.0,Low,False,False,False
CONT_005,2026-09-10 17:50:06.304808,Avocado,6.74,93.43,0.17,NORMAL,2026-09-10,17,50,5.0,13.0,85.0,95.0,0.0,0.0,0.0,0.0,0.0,0.0,Low,False,False,False
CONT_002,2026-09-10 17:50:08.307927,Mango,11.08,88.24,0.1,NORMAL,2026-09-10,17,50,10.0,13.0,85.0,90.0,0.0,0.0,0.0,0.0,0.0,0.0,Low,False,False,False
CONT_001,2026-09-10 17:50:10.310200,Avocado,11.87,90.84,0.11,NORMAL,2026-09-10,17,50,5.0,13.0,85.0,95.0,0.0,0.0,0.0,0.0,0.0,0.0,Low,False,False,False
CONT_003,2026-09-10 17:50:12.312307,Tomato,10.17,92.23,0.07,NORMAL,2026-09-10,17,50,10.0,12.0,85.0,95.0,0.0,0.0,0.0,0.0,0.0,0.0,Low,False,False,False
CONT_001,2026-09-10 17:50:14.315309,Banana,13.24,91.14,0.19,NORMAL,2026-09-10,17,50,13.0,14.0,85.0,95.0,0.0,0.0,0.0,0.0,0.0,0.0,Low,False,False,False
CONT_003,2026-09-10 17:50:16.327473,Avocado,6.09,86.1,0.18,NORMAL,2026-09-10,17,50,5.0,13.0,85.0,95.0,0.0,0.0,0.0,0.0,0.0,0.0,Low,False,False,False
CONT_005,2026-09-10 17:50:18.330589,Tomato,10.35,86.37,0.07,NORMAL,2026-09-10,17,50,10.0,12.0,85.0,95.0,0.0,0.0,0.0,0.0,0.0,0.0,Low,False,False,False
CONT_002,2026-09-10 17:50:20.355324,Mango,7.3,63.62,0.22,WARNING,2026-09-10,17,50,10.0,13.0,85.0,90.0,2.7,21.38,0.54,1.0,0.049999999999999975,57.85,Medium,True,True,False
CONT_003,2026-09-10 17:50:22.360239,Avocado,10.85,92.76,0.11,NORMAL,2026-09-10,17,50,5.0,13.0,85.0,95.0,0.0,0.0,0.0,0.0,0.0,0.0,Low,False,False,False
CONT_004,2026-09-10 17:50:24.381852,Tomato,8.95,62.83,0.34,WARNING,2026-09-10,17,50,10.0,12.0,85.0,95.0,1.05,22.17,0.21000000000000002,1.0,0.35000000000000003,52.15,Medium,True,True,False
CONT_001,2026-09-10 17:50:26.428137,Banana,13.39,88.34,0.07,NORMAL,2026-09-10,17,50,13.0,14.0,85.0,95.0,0.0,0.0,0.0,0.0,0.0,0.0,Low,False,False,False
CONT_004,2026-09-10 17:50:28.432110,Tomato,11.64,88.62,0.09,NORMAL,2026-09-10,17,50,10.0,12.0,85.0,95.0,0.0,0.0,0.0,0.0,0.0,0.0,Low,False,False,False
CONT_002,2026-09-10 17:50:30.434404,Banana,13.09,94.93,0.14,NORMAL,2026-09-10,17,50,13.0,14.0,85.0,95.0,0.0,0.0,0.0,0.0,0.0,0.0,Low,False,False,False
CONT_002,2026-09-10 17:50:32.442962,Avocado,7.52,88.7,0.17,NORMAL,2026-09-10,17,50,5.0,13.0,85.0,95.0,0.0,0.0,0.0,0.0,0.0,0.0,Low,False,False,False
CONT_002,2026-09-10 17:50:34.449185,Avocado,8.46,89.43,0.11,NORMAL,2026-09-10,17,50,5.0,13.0,85.0,95.0,0.0,0.0,0.0,0.0,0.0,0.0,Low,False,False,False
CONT_002,2026-09-10 17:50:36.466827,Tomato,7.22,100.0,0.3,WARNING,2026-09-10,17,50,10.0,12.0,85.0,95.0,2.78,5.0,0.5559999999999999,0.25,0.24999999999999994,37.24,Medium,True,True,False
CONT_004,2026-09-10 17:50:38.477444,Banana,13.72,93.1,0.1,NORMAL,2026-09-10,17,50,13.0,14.0,85.0,95.0,0.0,0.0,0.0,0.0,0.0,0.0,Low,False,False,False
CONT_003,2026-09-10 17:50:40.481840,Tomato,11.46,93.79,0.07,NORMAL,2026-09-10,17,50,10.0,12.0,85.0,95.0,0.0,0.0,0.0,0.0,0.0,0.0,Low,False,False,False
CONT_005,2026-09-10 17:50:42.487187,Banana,13.7,93.98,0.13,NORMAL,2026-09-10,17,50,13.0,14.0,85.0,95.0,0.0,0.0,0.0,0.0,0.0,0.0,Low,False,False,False
CONT_002,2026-09-10 17:50:44.490953,Tomato,3.59,63.13,0.44,ANOMALY,2026-09-10,17,50,10.0,12.0,85.0,95.0,6.41,21.87,1.0,1.0,0.6,90.0,Critical,True,True,True
CONT_002,2026-09-10 17:50:46.698303,Tomato,3.16,100.0,0.47,ANOMALY,2026-09-10,17,50,10.0,12.0,85.0,95.0,6.84,5.0,1.0,0.25,0.6749999999999998,65.62,High,True,True,True
CONT_005,2026-09-10 17:50:48.710072,Banana,11.8,66.2,0.32,WARNING,2026-09-10,17,50,13.0,14.0,85.0,95.0,1.2,18.8,0.24,0.9400000000000001,0.3,50.0,Medium,True,True,False
CONT_003,2026-09-10 17:50:50.712627,Tomato,10.23,85.04,0.05,NORMAL,2026-09-10,17,50,10.0,12.0,85.0,95.0,0.0,0.0,0.0,0.0,0.0,0.0,Low,False,False,False
CONT_003,2026-09-10 17:50:52.715921,Tomato,11.3,88.87,0.19,NORMAL,2026-09-10,17,50,10.0,12.0,85.0,95.0,0.0,0.0,0.0,0.0,0.0,0.0,Low,False,False,False
CONT_003,2026-09-10 17:50:54.723093,Mango,12.78,89.19,0.06,NORMAL,2026-09-10,17,50,10.0,13.0,85.0,90.0,0.0,0.0,0.0,0.0,0.0,0.0,Low,False,False,False
CONT_003,2026-09-10 17:50:56.757464,Avocado,18.62,69.97,0.55,ANOMALY,2026-09-10,17,50,5.0,13.0,85.0,95.0,5.62,15.03,1.0,0.7515,0.875,88.18,Critical,True,True,True
CONT_004,2026-09-10 17:50:58.770411,Avocado,7.99,94.98,0.07,NORMAL,2026-09-10,17,50,5.0,13.0,85.0,95.0,0.0,0.0,0.0,0.0,0.0,0.0,Low,False,False,False
CONT_003,2026-09-10 17:51:00.773489,Avocado,8.47,91.53,0.16,NORMAL,2026-09-10,17,51,5.0,13.0,85.0,95.0,0.0,0.0,0.0,0.0,0.0,0.0,Low,False,False,False
CONT_005,2026-09-10 17:51:02.776766,Mango,11.59,87.8,0.12,NORMAL,2026-09-10,17,51,10.0,13.0,85.0,90.0,0.0,0.0,0.0,0.0,0.0,0.0,Low,False,False,False
CONT_005,2026-09-10 17:51:04.783503,Mango,18.68,60.16,0.47,ANOMALY,2026-09-10,17,51,10.0,13.0,85.0,90.0,5.68,24.84,1.0,1.0,0.6749999999999998,91.88,Critical,True,True,True
CONT_003,2026-09-10 17:51:06.789867,Banana,15.85,61.84,0.33,WARNING,2026-09-10,17,51,13.0,14.0,85.0,95.0,1.85,23.16,0.37,1.0,0.325,57.92,Medium,True,True,False
CONT_002,2026-09-10 17:51:08.793100,Mango,10.84,85.98,0.07,NORMAL,2026-09-10,17,51,10.0,13.0,85.0,90.0,0.0,0.0,0.0,0.0,0.0,0.0,Low,False,False,False
CONT_003,2026-09-10 17:51:10.796197,Mango,8.68,74.11,0.34,WARNING,2026-09-10,17,51,10.0,13.0,85.0,90.0,1.32,10.89,0.264,0.5445,0.35000000000000003,38.37,Medium,True,True,False
CONT_005,2026-09-10 17:51:12.799251,Banana,13.65,89.29,0.19,NORMAL,2026-09-10,17,51,13.0,14.0,85.0,95.0,0.0,0.0,0.0,0.0,0.0,0.0,Low,False,False,False
CONT_005,2026-09-10 17:51:14.801724,Banana,13.15,88.75,0.07,NORMAL,2026-09-10,17,51,13.0,14.0,85.0,95.0,0.0,0.0,0.0,0.0,0.0,0.0,Low,False,False,False
